site,monitor,date,start_hour,value,variable,units,quality,prelim,name 
3490,-,2022-05-17,0,4.00,PM25,Micrograms/Cubic Meter ( ug/m<sup>3</sup> ),0,y,Livermore-793 Rincon Avenue 
3490,-,2022-05-17,1,2.00,PM25,Micrograms/Cubic Meter ( ug/m<sup>3</sup> ),0,y,Livermore-793 Rincon Avenue 
3490,-,2022-05-17,2,5.00,PM25,Micrograms/Cubic Meter ( ug/m<sup>3</sup> ),0,y,Livermore-793 Rincon Avenue 
3490,-,2022-05-17,3,5.00,PM25,Micrograms/Cubic Meter ( ug/m<sup>3</sup> ),0,y,Livermore-793 Rincon Avenue 
3490,-,2022-05-17,4,4.00,PM25,Micrograms/Cubic Meter ( ug/m<sup>3</sup> ),0,y,Livermore-793 Rincon Avenue 
3490,-,2022-05-17,5,5.00,PM25,Micrograms/Cubic Meter ( ug/m<sup>3</sup> ),0,y,Livermore-793 Rincon Avenue 
3490,-,2022-05-17,6,7.00,PM25,Micrograms/Cubic Meter ( ug/m<sup>3</sup> ),0,y,Livermore-793 Rincon Avenue 
3490,-,2022-05-17,7,10.00,PM25,Micrograms/Cubic Meter ( ug/m<sup>3</sup> ),0,y,Livermore-793 Rincon Avenue 
3490,-,2022-05-17,9,10.00,PM25,Micrograms/Cubic Meter ( ug/m<sup>3</sup> ),0,y,Livermore-793 Rincon Avenue 
3490,-,2022-05-17,10,10.00,PM25,Micrograms/Cubic Meter ( ug/m<sup>3</sup> ),0,y,Livermore-793 Rincon Avenue 
3490,-,2022-05-17,11,9.00,PM25,Micrograms/Cubic Meter ( ug/m<sup>3</sup> ),0,y,Livermore-793 Rincon Avenue 
3490,-,2022-05-17,12,12.00,PM25,Micrograms/Cubic Meter ( ug/m<sup>3</sup> ),0,y,Livermore-793 Rincon Avenue 
3490,-,2022-05-17,13,9.00,PM25,Micrograms/Cubic Meter ( ug/m<sup>3</sup> ),0,y,Livermore-793 Rincon Avenue 
3490,-,2022-05-17,14,8.00,PM25,Micrograms/Cubic Meter ( ug/m<sup>3</sup> ),0,y,Livermore-793 Rincon Avenue 
3490,-,2022-05-17,15,12.00,PM25,Micrograms/Cubic Meter ( ug/m<sup>3</sup> ),0,y,Livermore-793 Rincon Avenue 
3490,-,2022-05-17,16,11.00,PM25,Micrograms/Cubic Meter ( ug/m<sup>3</sup> ),0,y,Livermore-793 Rincon Avenue 
3490,-,2022-05-17,17,11.00,PM25,Micrograms/Cubic Meter ( ug/m<sup>3</sup> ),0,y,Livermore-793 Rincon Avenue 
3490,-,2022-05-17,18,11.00,PM25,Micrograms/Cubic Meter ( ug/m<sup>3</sup> ),0,y,Livermore-793 Rincon Avenue 
3490,-,2022-05-17,19,9.00,PM25,Micrograms/Cubic Meter ( ug/m<sup>3</sup> ),0,y,Livermore-793 Rincon Avenue 
3490,-,2022-05-17,20,9.00,PM25,Micrograms/Cubic Meter ( ug/m<sup>3</sup> ),0,y,Livermore-793 Rincon Avenue 
3490,-,2022-05-17,21,14.00,PM25,Micrograms/Cubic Meter ( ug/m<sup>3</sup> ),0,y,Livermore-793 Rincon Avenue 
3490,-,2022-05-17,22,10.00,PM25,Micrograms/Cubic Meter ( ug/m<sup>3</sup> ),0,y,Livermore-793 Rincon Avenue 
3490,-,2022-05-17,23,10.00,PM25,Micrograms/Cubic Meter ( ug/m<sup>3</sup> ),0,y,Livermore-793 Rincon Avenue 
3490,-,2022-05-18,0,11.00,PM25,Micrograms/Cubic Meter ( ug/m<sup>3</sup> ),0,y,Livermore-793 Rincon Avenue 
3490,-,2022-05-18,1,11.00,PM25,Micrograms/Cubic Meter ( ug/m<sup>3</sup> ),0,y,Livermore-793 Rincon Avenue 
3490,-,2022-05-18,2,8.00,PM25,Micrograms/Cubic Meter ( ug/m<sup>3</sup> ),0,y,Livermore-793 Rincon Avenue 
3490,-,2022-05-18,3,9.00,PM25,Micrograms/Cubic Meter ( ug/m<sup>3</sup> ),0,y,Livermore-793 Rincon Avenue 
3490,-,2022-05-18,4,11.00,PM25,Micrograms/Cubic Meter ( ug/m<sup>3</sup> ),0,y,Livermore-793 Rincon Avenue 
3490,-,2022-05-18,5,9.00,PM25,Micrograms/Cubic Meter ( ug/m<sup>3</sup> ),0,y,Livermore-793 Rincon Avenue 
3490,-,2022-05-18,6,11.00,PM25,Micrograms/Cubic Meter ( ug/m<sup>3</sup> ),0,y,Livermore-793 Rincon Avenue 
3490,-,2022-05-18,7,12.00,PM25,Micrograms/Cubic Meter ( ug/m<sup>3</sup> ),0,y,Livermore-793 Rincon Avenue 
3490,-,2022-05-18,8,10.00,PM25,Micrograms/Cubic Meter ( ug/m<sup>3</sup> ),0,y,Livermore-793 Rincon Avenue 
3490,-,2022-05-18,9,6.00,PM25,Micrograms/Cubic Meter ( ug/m<sup>3</sup> ),0,y,Livermore-793 Rincon Avenue 
3490,-,2022-05-18,10,9.00,PM25,Micrograms/Cubic Meter ( ug/m<sup>3</sup> ),0,y,Livermore-793 Rincon Avenue 
3490,-,2022-05-18,11,9.00,PM25,Micrograms/Cubic Meter ( ug/m<sup>3</sup> ),0,y,Livermore-793 Rincon Avenue 
3490,-,2022-05-18,12,8.00,PM25,Micrograms/Cubic Meter ( ug/m<sup>3</sup> ),0,y,Livermore-793 Rincon Avenue 
3490,-,2022-05-18,13,8.00,PM25,Micrograms/Cubic Meter ( ug/m<sup>3</sup> ),0,y,Livermore-793 Rincon Avenue 
3490,-,2022-05-18,14,10.00,PM25,Micrograms/Cubic Meter ( ug/m<sup>3</sup> ),0,y,Livermore-793 Rincon Avenue 
3490,-,2022-05-18,15,8.00,PM25,Micrograms/Cubic Meter ( ug/m<sup>3</sup> ),0,y,Livermore-793 Rincon Avenue 
3490,-,2022-05-18,16,7.00,PM25,Micrograms/Cubic Meter ( ug/m<sup>3</sup> ),0,y,Livermore-793 Rincon Avenue 
3490,-,2022-05-18,17,6.00,PM25,Micrograms/Cubic Meter ( ug/m<sup>3</sup> ),0,y,Livermore-793 Rincon Avenue 
3490,-,2022-05-18,18,6.00,PM25,Micrograms/Cubic Meter ( ug/m<sup>3</sup> ),0,y,Livermore-793 Rincon Avenue 
3490,-,2022-05-18,19,9.00,PM25,Micrograms/Cubic Meter ( ug/m<sup>3</sup> ),0,y,Livermore-793 Rincon Avenue 
3490,-,2022-05-18,20,16.00,PM25,Micrograms/Cubic Meter ( ug/m<sup>3</sup> ),0,y,Livermore-793 Rincon Avenue 
3490,-,2022-05-18,21,13.00,PM25,Micrograms/Cubic Meter ( ug/m<sup>3</sup> ),0,y,Livermore-793 Rincon Avenue 
3490,-,2022-05-18,22,8.00,PM25,Micrograms/Cubic Meter ( ug/m<sup>3</sup> ),0,y,Livermore-793 Rincon Avenue 
3490,-,2022-05-18,23,8.00,PM25,Micrograms/Cubic Meter ( ug/m<sup>3</sup> ),0,y,Livermore-793 Rincon Avenue 
3490,-,2022-05-19,0,9.00,PM25,Micrograms/Cubic Meter ( ug/m<sup>3</sup> ),0,y,Livermore-793 Rincon Avenue 
3490,-,2022-05-19,1,10.00,PM25,Micrograms/Cubic Meter ( ug/m<sup>3</sup> ),0,y,Livermore-793 Rincon Avenue 
3490,-,2022-05-19,2,8.00,PM25,Micrograms/Cubic Meter ( ug/m<sup>3</sup> ),0,y,Livermore-793 Rincon Avenue 
3490,-,2022-05-19,3,9.00,PM25,Micrograms/Cubic Meter ( ug/m<sup>3</sup> ),0,y,Livermore-793 Rincon Avenue 
3490,-,2022-05-19,4,8.00,PM25,Micrograms/Cubic Meter ( ug/m<sup>3</sup> ),0,y,Livermore-793 Rincon Avenue 
3490,-,2022-05-19,5,8.00,PM25,Micrograms/Cubic Meter ( ug/m<sup>3</sup> ),0,y,Livermore-793 Rincon Avenue 
3490,-,2022-05-19,6,11.00,PM25,Micrograms/Cubic Meter ( ug/m<sup>3</sup> ),0,y,Livermore-793 Rincon Avenue 
3490,-,2022-05-19,7,7.00,PM25,Micrograms/Cubic Meter ( ug/m<sup>3</sup> ),0,y,Livermore-793 Rincon Avenue 
3490,-,2022-05-19,8,3.00,PM25,Micrograms/Cubic Meter ( ug/m<sup>3</sup> ),0,y,Livermore-793 Rincon Avenue 
3490,-,2022-05-19,9,5.00,PM25,Micrograms/Cubic Meter ( ug/m<sup>3</sup> ),0,y,Livermore-793 Rincon Avenue 
3490,-,2022-05-19,10,5.00,PM25,Micrograms/Cubic Meter ( ug/m<sup>3</sup> ),0,y,Livermore-793 Rincon Avenue 
3490,-,2022-05-19,11,5.00,PM25,Micrograms/Cubic Meter ( ug/m<sup>3</sup> ),0,y,Livermore-793 Rincon Avenue 
3490,-,2022-05-19,12,11.00,PM25,Micrograms/Cubic Meter ( ug/m<sup>3</sup> ),0,y,Livermore-793 Rincon Avenue 
3490,-,2022-05-19,13,10.00,PM25,Micrograms/Cubic Meter ( ug/m<sup>3</sup> ),0,y,Livermore-793 Rincon Avenue 
3490,-,2022-05-19,14,9.00,PM25,Micrograms/Cubic Meter ( ug/m<sup>3</sup> ),0,y,Livermore-793 Rincon Avenue 
3490,-,2022-05-19,15,12.00,PM25,Micrograms/Cubic Meter ( ug/m<sup>3</sup> ),0,y,Livermore-793 Rincon Avenue 
3490,-,2022-05-19,16,12.00,PM25,Micrograms/Cubic Meter ( ug/m<sup>3</sup> ),0,y,Livermore-793 Rincon Avenue 
3490,-,2022-05-19,17,15.00,PM25,Micrograms/Cubic Meter ( ug/m<sup>3</sup> ),0,y,Livermore-793 Rincon Avenue 
3490,-,2022-05-19,18,16.00,PM25,Micrograms/Cubic Meter ( ug/m<sup>3</sup> ),0,y,Livermore-793 Rincon Avenue 
3490,-,2022-05-19,19,14.00,PM25,Micrograms/Cubic Meter ( ug/m<sup>3</sup> ),0,y,Livermore-793 Rincon Avenue 
3490,-,2022-05-19,20,16.00,PM25,Micrograms/Cubic Meter ( ug/m<sup>3</sup> ),0,y,Livermore-793 Rincon Avenue 
3490,-,2022-05-19,21,16.00,PM25,Micrograms/Cubic Meter ( ug/m<sup>3</sup> ),0,y,Livermore-793 Rincon Avenue 
3490,-,2022-05-19,22,17.00,PM25,Micrograms/Cubic Meter ( ug/m<sup>3</sup> ),0,y,Livermore-793 Rincon Avenue 
3490,-,2022-05-19,23,17.00,PM25,Micrograms/Cubic Meter ( ug/m<sup>3</sup> ),0,y,Livermore-793 Rincon Avenue 
3490,-,2022-05-20,0,16.00,PM25,Micrograms/Cubic Meter ( ug/m<sup>3</sup> ),0,y,Livermore-793 Rincon Avenue 
3490,-,2022-05-20,1,13.00,PM25,Micrograms/Cubic Meter ( ug/m<sup>3</sup> ),0,y,Livermore-793 Rincon Avenue 
3490,-,2022-05-20,2,13.00,PM25,Micrograms/Cubic Meter ( ug/m<sup>3</sup> ),0,y,Livermore-793 Rincon Avenue 
3490,-,2022-05-20,3,11.00,PM25,Micrograms/Cubic Meter ( ug/m<sup>3</sup> ),0,y,Livermore-793 Rincon Avenue 
3490,-,2022-05-20,4,10.00,PM25,Micrograms/Cubic Meter ( ug/m<sup>3</sup> ),0,y,Livermore-793 Rincon Avenue 
3490,-,2022-05-20,5,11.00,PM25,Micrograms/Cubic Meter ( ug/m<sup>3</sup> ),0,y,Livermore-793 Rincon Avenue 
3490,-,2022-05-20,6,11.00,PM25,Micrograms/Cubic Meter ( ug/m<sup>3</sup> ),0,y,Livermore-793 Rincon Avenue 
3490,-,2022-05-20,7,7.00,PM25,Micrograms/Cubic Meter ( ug/m<sup>3</sup> ),0,y,Livermore-793 Rincon Avenue 
3490,-,2022-05-20,8,4.00,PM25,Micrograms/Cubic Meter ( ug/m<sup>3</sup> ),0,y,Livermore-793 Rincon Avenue 
3490,-,2022-05-20,9,4.00,PM25,Micrograms/Cubic Meter ( ug/m<sup>3</sup> ),0,y,Livermore-793 Rincon Avenue 
3490,-,2022-05-20,10,3.00,PM25,Micrograms/Cubic Meter ( ug/m<sup>3</sup> ),0,y,Livermore-793 Rincon Avenue 
3490,-,2022-05-20,11,5.00,PM25,Micrograms/Cubic Meter ( ug/m<sup>3</sup> ),0,y,Livermore-793 Rincon Avenue 
3490,-,2022-05-20,12,4.00,PM25,Micrograms/Cubic Meter ( ug/m<sup>3</sup> ),0,y,Livermore-793 Rincon Avenue 
3490,-,2022-05-20,13,3.00,PM25,Micrograms/Cubic Meter ( ug/m<sup>3</sup> ),0,y,Livermore-793 Rincon Avenue 
3490,-,2022-05-20,14,3.00,PM25,Micrograms/Cubic Meter ( ug/m<sup>3</sup> ),0,y,Livermore-793 Rincon Avenue 
3490,-,2022-05-20,15,3.00,PM25,Micrograms/Cubic Meter ( ug/m<sup>3</sup> ),0,y,Livermore-793 Rincon Avenue 
3490,-,2022-05-20,16,5.00,PM25,Micrograms/Cubic Meter ( ug/m<sup>3</sup> ),0,y,Livermore-793 Rincon Avenue 
3490,-,2022-05-20,17,7.00,PM25,Micrograms/Cubic Meter ( ug/m<sup>3</sup> ),0,y,Livermore-793 Rincon Avenue 
3490,-,2022-05-20,18,5.00,PM25,Micrograms/Cubic Meter ( ug/m<sup>3</sup> ),0,y,Livermore-793 Rincon Avenue 
3490,-,2022-05-20,19,11.00,PM25,Micrograms/Cubic Meter ( ug/m<sup>3</sup> ),0,y,Livermore-793 Rincon Avenue 
3490,-,2022-05-20,20,10.00,PM25,Micrograms/Cubic Meter ( ug/m<sup>3</sup> ),0,y,Livermore-793 Rincon Avenue 
3490,-,2022-05-20,21,9.00,PM25,Micrograms/Cubic Meter ( ug/m<sup>3</sup> ),0,y,Livermore-793 Rincon Avenue 
3490,-,2022-05-20,22,11.00,PM25,Micrograms/Cubic Meter ( ug/m<sup>3</sup> ),0,y,Livermore-793 Rincon Avenue 
3490,-,2022-05-20,23,11.00,PM25,Micrograms/Cubic Meter ( ug/m<sup>3</sup> ),0,y,Livermore-793 Rincon Avenue 
3490,-,2022-05-21,0,9.00,PM25,Micrograms/Cubic Meter ( ug/m<sup>3</sup> ),0,y,Livermore-793 Rincon Avenue 
3490,-,2022-05-21,1,10.00,PM25,Micrograms/Cubic Meter ( ug/m<sup>3</sup> ),0,y,Livermore-793 Rincon Avenue 
3490,-,2022-05-21,2,6.00,PM25,Micrograms/Cubic Meter ( ug/m<sup>3</sup> ),0,y,Livermore-793 Rincon Avenue 
3490,-,2022-05-21,3,3.00,PM25,Micrograms/Cubic Meter ( ug/m<sup>3</sup> ),0,y,Livermore-793 Rincon Avenue 
3490,-,2022-05-21,4,5.00,PM25,Micrograms/Cubic Meter ( ug/m<sup>3</sup> ),0,y,Livermore-793 Rincon Avenue 
3490,-,2022-05-21,5,6.00,PM25,Micrograms/Cubic Meter ( ug/m<sup>3</sup> ),0,y,Livermore-793 Rincon Avenue 
3490,-,2022-05-21,6,7.00,PM25,Micrograms/Cubic Meter ( ug/m<sup>3</sup> ),0,y,Livermore-793 Rincon Avenue 
3490,-,2022-05-21,7,5.00,PM25,Micrograms/Cubic Meter ( ug/m<sup>3</sup> ),0,y,Livermore-793 Rincon Avenue 
3490,-,2022-05-21,8,9.00,PM25,Micrograms/Cubic Meter ( ug/m<sup>3</sup> ),0,y,Livermore-793 Rincon Avenue 
3490,-,2022-05-21,9,6.00,PM25,Micrograms/Cubic Meter ( ug/m<sup>3</sup> ),0,y,Livermore-793 Rincon Avenue 
3490,-,2022-05-21,10,4.00,PM25,Micrograms/Cubic Meter ( ug/m<sup>3</sup> ),0,y,Livermore-793 Rincon Avenue 
3490,-,2022-05-21,11,3.00,PM25,Micrograms/Cubic Meter ( ug/m<sup>3</sup> ),0,y,Livermore-793 Rincon Avenue 
3490,-,2022-05-21,12,6.00,PM25,Micrograms/Cubic Meter ( ug/m<sup>3</sup> ),0,y,Livermore-793 Rincon Avenue 
3490,-,2022-05-21,13,9.00,PM25,Micrograms/Cubic Meter ( ug/m<sup>3</sup> ),0,y,Livermore-793 Rincon Avenue 
3490,-,2022-05-21,14,9.00,PM25,Micrograms/Cubic Meter ( ug/m<sup>3</sup> ),0,y,Livermore-793 Rincon Avenue 
3490,-,2022-05-21,15,5.00,PM25,Micrograms/Cubic Meter ( ug/m<sup>3</sup> ),0,y,Livermore-793 Rincon Avenue 
3490,-,2022-05-21,16,4.00,PM25,Micrograms/Cubic Meter ( ug/m<sup>3</sup> ),0,y,Livermore-793 Rincon Avenue 
3490,-,2022-05-21,17,4.00,PM25,Micrograms/Cubic Meter ( ug/m<sup>3</sup> ),0,y,Livermore-793 Rincon Avenue 
3490,-,2022-05-21,18,6.00,PM25,Micrograms/Cubic Meter ( ug/m<sup>3</sup> ),0,y,Livermore-793 Rincon Avenue 
3490,-,2022-05-21,19,7.00,PM25,Micrograms/Cubic Meter ( ug/m<sup>3</sup> ),0,y,Livermore-793 Rincon Avenue 
3490,-,2022-05-21,20,8.00,PM25,Micrograms/Cubic Meter ( ug/m<sup>3</sup> ),0,y,Livermore-793 Rincon Avenue 
3490,-,2022-05-21,21,12.00,PM25,Micrograms/Cubic Meter ( ug/m<sup>3</sup> ),0,y,Livermore-793 Rincon Avenue 
3490,-,2022-05-21,22,12.00,PM25,Micrograms/Cubic Meter ( ug/m<sup>3</sup> ),0,y,Livermore-793 Rincon Avenue 
3490,-,2022-05-21,23,13.00,PM25,Micrograms/Cubic Meter ( ug/m<sup>3</sup> ),0,y,Livermore-793 Rincon Avenue 
3490,-,2022-05-22,0,13.00,PM25,Micrograms/Cubic Meter ( ug/m<sup>3</sup> ),0,y,Livermore-793 Rincon Avenue 
3490,-,2022-05-22,1,15.00,PM25,Micrograms/Cubic Meter ( ug/m<sup>3</sup> ),0,y,Livermore-793 Rincon Avenue 
3490,-,2022-05-22,2,9.00,PM25,Micrograms/Cubic Meter ( ug/m<sup>3</sup> ),0,y,Livermore-793 Rincon Avenue 
3490,-,2022-05-22,3,11.00,PM25,Micrograms/Cubic Meter ( ug/m<sup>3</sup> ),0,y,Livermore-793 Rincon Avenue 
3490,-,2022-05-22,4,8.00,PM25,Micrograms/Cubic Meter ( ug/m<sup>3</sup> ),0,y,Livermore-793 Rincon Avenue 
3490,-,2022-05-22,5,10.00,PM25,Micrograms/Cubic Meter ( ug/m<sup>3</sup> ),0,y,Livermore-793 Rincon Avenue 
3490,-,2022-05-22,6,14.00,PM25,Micrograms/Cubic Meter ( ug/m<sup>3</sup> ),0,y,Livermore-793 Rincon Avenue 
3490,-,2022-05-22,7,10.00,PM25,Micrograms/Cubic Meter ( ug/m<sup>3</sup> ),0,y,Livermore-793 Rincon Avenue 
3490,-,2022-05-22,8,10.00,PM25,Micrograms/Cubic Meter ( ug/m<sup>3</sup> ),0,y,Livermore-793 Rincon Avenue 
3490,-,2022-05-22,9,9.00,PM25,Micrograms/Cubic Meter ( ug/m<sup>3</sup> ),0,y,Livermore-793 Rincon Avenue 
3490,-,2022-05-22,10,8.00,PM25,Micrograms/Cubic Meter ( ug/m<sup>3</sup> ),0,y,Livermore-793 Rincon Avenue 
3490,-,2022-05-22,11,9.00,PM25,Micrograms/Cubic Meter ( ug/m<sup>3</sup> ),0,y,Livermore-793 Rincon Avenue 
3490,-,2022-05-22,12,13.00,PM25,Micrograms/Cubic Meter ( ug/m<sup>3</sup> ),0,y,Livermore-793 Rincon Avenue 
3490,-,2022-05-22,13,10.00,PM25,Micrograms/Cubic Meter ( ug/m<sup>3</sup> ),0,y,Livermore-793 Rincon Avenue 
3490,-,2022-05-22,14,12.00,PM25,Micrograms/Cubic Meter ( ug/m<sup>3</sup> ),0,y,Livermore-793 Rincon Avenue 
3490,-,2022-05-22,15,9.00,PM25,Micrograms/Cubic Meter ( ug/m<sup>3</sup> ),0,y,Livermore-793 Rincon Avenue 
3490,-,2022-05-22,16,10.00,PM25,Micrograms/Cubic Meter ( ug/m<sup>3</sup> ),0,y,Livermore-793 Rincon Avenue 
3490,-,2022-05-22,17,7.00,PM25,Micrograms/Cubic Meter ( ug/m<sup>3</sup> ),0,y,Livermore-793 Rincon Avenue 
3490,-,2022-05-22,18,14.00,PM25,Micrograms/Cubic Meter ( ug/m<sup>3</sup> ),0,y,Livermore-793 Rincon Avenue 
3490,-,2022-05-22,19,10.00,PM25,Micrograms/Cubic Meter ( ug/m<sup>3</sup> ),0,y,Livermore-793 Rincon Avenue 
3490,-,2022-05-22,20,12.00,PM25,Micrograms/Cubic Meter ( ug/m<sup>3</sup> ),0,y,Livermore-793 Rincon Avenue 
3490,-,2022-05-22,21,16.00,PM25,Micrograms/Cubic Meter ( ug/m<sup>3</sup> ),0,y,Livermore-793 Rincon Avenue 
3490,-,2022-05-22,22,12.00,PM25,Micrograms/Cubic Meter ( ug/m<sup>3</sup> ),0,y,Livermore-793 Rincon Avenue 
3490,-,2022-05-22,23,12.00,PM25,Micrograms/Cubic Meter ( ug/m<sup>3</sup> ),0,y,Livermore-793 Rincon Avenue 
3490,-,2022-05-23,0,16.00,PM25,Micrograms/Cubic Meter ( ug/m<sup>3</sup> ),0,y,Livermore-793 Rincon Avenue 
3490,-,2022-05-23,1,11.00,PM25,Micrograms/Cubic Meter ( ug/m<sup>3</sup> ),0,y,Livermore-793 Rincon Avenue 
3490,-,2022-05-23,2,14.00,PM25,Micrograms/Cubic Meter ( ug/m<sup>3</sup> ),0,y,Livermore-793 Rincon Avenue 
3490,-,2022-05-23,3,14.00,PM25,Micrograms/Cubic Meter ( ug/m<sup>3</sup> ),0,y,Livermore-793 Rincon Avenue 
3490,-,2022-05-23,4,14.00,PM25,Micrograms/Cubic Meter ( ug/m<sup>3</sup> ),0,y,Livermore-793 Rincon Avenue 
3490,-,2022-05-23,5,10.00,PM25,Micrograms/Cubic Meter ( ug/m<sup>3</sup> ),0,y,Livermore-793 Rincon Avenue 
3490,-,2022-05-23,6,13.00,PM25,Micrograms/Cubic Meter ( ug/m<sup>3</sup> ),0,y,Livermore-793 Rincon Avenue 
3490,-,2022-05-23,7,14.00,PM25,Micrograms/Cubic Meter ( ug/m<sup>3</sup> ),0,y,Livermore-793 Rincon Avenue 
3490,-,2022-05-23,8,10.00,PM25,Micrograms/Cubic Meter ( ug/m<sup>3</sup> ),0,y,Livermore-793 Rincon Avenue 
3490,-,2022-05-23,9,11.00,PM25,Micrograms/Cubic Meter ( ug/m<sup>3</sup> ),0,y,Livermore-793 Rincon Avenue 
3490,-,2022-05-23,10,7.00,PM25,Micrograms/Cubic Meter ( ug/m<sup>3</sup> ),0,y,Livermore-793 Rincon Avenue 
3490,-,2022-05-23,11,5.00,PM25,Micrograms/Cubic Meter ( ug/m<sup>3</sup> ),0,y,Livermore-793 Rincon Avenue 
3490,-,2022-05-23,12,8.00,PM25,Micrograms/Cubic Meter ( ug/m<sup>3</sup> ),0,y,Livermore-793 Rincon Avenue 
3490,-,2022-05-23,13,10.00,PM25,Micrograms/Cubic Meter ( ug/m<sup>3</sup> ),0,y,Livermore-793 Rincon Avenue 
3490,-,2022-05-23,14,8.00,PM25,Micrograms/Cubic Meter ( ug/m<sup>3</sup> ),0,y,Livermore-793 Rincon Avenue 
3490,-,2022-05-23,15,5.00,PM25,Micrograms/Cubic Meter ( ug/m<sup>3</sup> ),0,y,Livermore-793 Rincon Avenue 
3490,-,2022-05-23,16,7.00,PM25,Micrograms/Cubic Meter ( ug/m<sup>3</sup> ),0,y,Livermore-793 Rincon Avenue 
3490,-,2022-05-23,17,7.00,PM25,Micrograms/Cubic Meter ( ug/m<sup>3</sup> ),0,y,Livermore-793 Rincon Avenue 
3490,-,2022-05-23,18,7.00,PM25,Micrograms/Cubic Meter ( ug/m<sup>3</sup> ),0,y,Livermore-793 Rincon Avenue 
3490,-,2022-05-23,19,10.00,PM25,Micrograms/Cubic Meter ( ug/m<sup>3</sup> ),0,y,Livermore-793 Rincon Avenue 
3490,-,2022-05-23,20,12.00,PM25,Micrograms/Cubic Meter ( ug/m<sup>3</sup> ),0,y,Livermore-793 Rincon Avenue 
3490,-,2022-05-23,21,11.00,PM25,Micrograms/Cubic Meter ( ug/m<sup>3</sup> ),0,y,Livermore-793 Rincon Avenue 
3490,-,2022-05-23,22,9.00,PM25,Micrograms/Cubic Meter ( ug/m<sup>3</sup> ),0,y,Livermore-793 Rincon Avenue 
3490,-,2022-05-23,23,10.00,PM25,Micrograms/Cubic Meter ( ug/m<sup>3</sup> ),0,y,Livermore-793 Rincon Avenue 
3490,-,2022-05-24,0,7.00,PM25,Micrograms/Cubic Meter ( ug/m<sup>3</sup> ),0,y,Livermore-793 Rincon Avenue 
3490,-,2022-05-24,1,7.00,PM25,Micrograms/Cubic Meter ( ug/m<sup>3</sup> ),0,y,Livermore-793 Rincon Avenue 
3490,-,2022-05-24,2,10.00,PM25,Micrograms/Cubic Meter ( ug/m<sup>3</sup> ),0,y,Livermore-793 Rincon Avenue 
3490,-,2022-05-24,3,10.00,PM25,Micrograms/Cubic Meter ( ug/m<sup>3</sup> ),0,y,Livermore-793 Rincon Avenue 
3490,-,2022-05-24,4,10.00,PM25,Micrograms/Cubic Meter ( ug/m<sup>3</sup> ),0,y,Livermore-793 Rincon Avenue 
3490,-,2022-05-24,5,11.00,PM25,Micrograms/Cubic Meter ( ug/m<sup>3</sup> ),0,y,Livermore-793 Rincon Avenue 
3490,-,2022-05-24,6,11.00,PM25,Micrograms/Cubic Meter ( ug/m<sup>3</sup> ),0,y,Livermore-793 Rincon Avenue 
3490,-,2022-05-24,7,12.00,PM25,Micrograms/Cubic Meter ( ug/m<sup>3</sup> ),0,y,Livermore-793 Rincon Avenue 
3490,-,2022-05-24,8,13.00,PM25,Micrograms/Cubic Meter ( ug/m<sup>3</sup> ),0,y,Livermore-793 Rincon Avenue 
3490,-,2022-05-24,10,9.00,PM25,Micrograms/Cubic Meter ( ug/m<sup>3</sup> ),0,y,Livermore-793 Rincon Avenue 
3490,-,2022-05-24,11,5.00,PM25,Micrograms/Cubic Meter ( ug/m<sup>3</sup> ),0,y,Livermore-793 Rincon Avenue 
3490,-,2022-05-24,12,4.00,PM25,Micrograms/Cubic Meter ( ug/m<sup>3</sup> ),0,y,Livermore-793 Rincon Avenue 
3490,-,2022-05-24,13,5.00,PM25,Micrograms/Cubic Meter ( ug/m<sup>3</sup> ),0,y,Livermore-793 Rincon Avenue 
3490,-,2022-05-24,14,6.00,PM25,Micrograms/Cubic Meter ( ug/m<sup>3</sup> ),0,y,Livermore-793 Rincon Avenue 
3490,-,2022-05-24,15,4.00,PM25,Micrograms/Cubic Meter ( ug/m<sup>3</sup> ),0,y,Livermore-793 Rincon Avenue 
3490,-,2022-05-24,16,12.00,PM25,Micrograms/Cubic Meter ( ug/m<sup>3</sup> ),0,y,Livermore-793 Rincon Avenue 
3490,-,2022-05-24,17,11.00,PM25,Micrograms/Cubic Meter ( ug/m<sup>3</sup> ),0,y,Livermore-793 Rincon Avenue 
3490,-,2022-05-24,18,11.00,PM25,Micrograms/Cubic Meter ( ug/m<sup>3</sup> ),0,y,Livermore-793 Rincon Avenue 
3490,-,2022-05-24,19,9.00,PM25,Micrograms/Cubic Meter ( ug/m<sup>3</sup> ),0,y,Livermore-793 Rincon Avenue 
3490,-,2022-05-24,20,9.00,PM25,Micrograms/Cubic Meter ( ug/m<sup>3</sup> ),0,y,Livermore-793 Rincon Avenue 
3490,-,2022-05-24,21,9.00,PM25,Micrograms/Cubic Meter ( ug/m<sup>3</sup> ),0,y,Livermore-793 Rincon Avenue 
3490,-,2022-05-24,22,11.00,PM25,Micrograms/Cubic Meter ( ug/m<sup>3</sup> ),0,y,Livermore-793 Rincon Avenue 
3490,-,2022-05-24,23,12.00,PM25,Micrograms/Cubic Meter ( ug/m<sup>3</sup> ),0,y,Livermore-793 Rincon Avenue 
3490,-,2022-05-25,0,13.00,PM25,Micrograms/Cubic Meter ( ug/m<sup>3</sup> ),0,y,Livermore-793 Rincon Avenue 
3490,-,2022-05-25,1,9.00,PM25,Micrograms/Cubic Meter ( ug/m<sup>3</sup> ),0,y,Livermore-793 Rincon Avenue 
3490,-,2022-05-25,2,12.00,PM25,Micrograms/Cubic Meter ( ug/m<sup>3</sup> ),0,y,Livermore-793 Rincon Avenue 
3490,-,2022-05-25,3,8.00,PM25,Micrograms/Cubic Meter ( ug/m<sup>3</sup> ),0,y,Livermore-793 Rincon Avenue 
3490,-,2022-05-25,4,11.00,PM25,Micrograms/Cubic Meter ( ug/m<sup>3</sup> ),0,y,Livermore-793 Rincon Avenue 
3490,-,2022-05-25,5,10.00,PM25,Micrograms/Cubic Meter ( ug/m<sup>3</sup> ),0,y,Livermore-793 Rincon Avenue 
3490,-,2022-05-25,6,8.00,PM25,Micrograms/Cubic Meter ( ug/m<sup>3</sup> ),0,y,Livermore-793 Rincon Avenue 
3490,-,2022-05-25,7,10.00,PM25,Micrograms/Cubic Meter ( ug/m<sup>3</sup> ),0,y,Livermore-793 Rincon Avenue 
3490,-,2022-05-25,8,11.00,PM25,Micrograms/Cubic Meter ( ug/m<sup>3</sup> ),0,y,Livermore-793 Rincon Avenue 
3490,-,2022-05-25,9,8.00,PM25,Micrograms/Cubic Meter ( ug/m<sup>3</sup> ),0,y,Livermore-793 Rincon Avenue 
3490,-,2022-05-25,11,11.00,PM25,Micrograms/Cubic Meter ( ug/m<sup>3</sup> ),0,y,Livermore-793 Rincon Avenue 
3490,-,2022-05-25,12,9.00,PM25,Micrograms/Cubic Meter ( ug/m<sup>3</sup> ),0,y,Livermore-793 Rincon Avenue 
3490,-,2022-05-25,13,9.00,PM25,Micrograms/Cubic Meter ( ug/m<sup>3</sup> ),0,y,Livermore-793 Rincon Avenue 
3490,-,2022-05-25,14,8.00,PM25,Micrograms/Cubic Meter ( ug/m<sup>3</sup> ),0,y,Livermore-793 Rincon Avenue 
3490,-,2022-05-25,15,7.00,PM25,Micrograms/Cubic Meter ( ug/m<sup>3</sup> ),0,y,Livermore-793 Rincon Avenue 
3490,-,2022-05-25,16,8.00,PM25,Micrograms/Cubic Meter ( ug/m<sup>3</sup> ),0,y,Livermore-793 Rincon Avenue 
3490,-,2022-05-25,17,8.00,PM25,Micrograms/Cubic Meter ( ug/m<sup>3</sup> ),0,y,Livermore-793 Rincon Avenue 
3490,-,2022-05-25,18,7.00,PM25,Micrograms/Cubic Meter ( ug/m<sup>3</sup> ),0,y,Livermore-793 Rincon Avenue 
3490,-,2022-05-25,19,5.00,PM25,Micrograms/Cubic Meter ( ug/m<sup>3</sup> ),0,y,Livermore-793 Rincon Avenue 
3490,-,2022-05-25,20,7.00,PM25,Micrograms/Cubic Meter ( ug/m<sup>3</sup> ),0,y,Livermore-793 Rincon Avenue 
3490,-,2022-05-25,21,9.00,PM25,Micrograms/Cubic Meter ( ug/m<sup>3</sup> ),0,y,Livermore-793 Rincon Avenue 
3490,-,2022-05-25,22,8.00,PM25,Micrograms/Cubic Meter ( ug/m<sup>3</sup> ),0,y,Livermore-793 Rincon Avenue 
3490,-,2022-05-25,23,7.00,PM25,Micrograms/Cubic Meter ( ug/m<sup>3</sup> ),0,y,Livermore-793 Rincon Avenue 
3490,-,2022-05-26,0,6.00,PM25,Micrograms/Cubic Meter ( ug/m<sup>3</sup> ),0,y,Livermore-793 Rincon Avenue 
3490,-,2022-05-26,1,6.00,PM25,Micrograms/Cubic Meter ( ug/m<sup>3</sup> ),0,y,Livermore-793 Rincon Avenue 
3490,-,2022-05-26,2,7.00,PM25,Micrograms/Cubic Meter ( ug/m<sup>3</sup> ),0,y,Livermore-793 Rincon Avenue 
3490,-,2022-05-26,3,6.00,PM25,Micrograms/Cubic Meter ( ug/m<sup>3</sup> ),0,y,Livermore-793 Rincon Avenue 
3490,-,2022-05-26,4,8.00,PM25,Micrograms/Cubic Meter ( ug/m<sup>3</sup> ),0,y,Livermore-793 Rincon Avenue 
3490,-,2022-05-26,5,7.00,PM25,Micrograms/Cubic Meter ( ug/m<sup>3</sup> ),0,y,Livermore-793 Rincon Avenue 
3490,-,2022-05-26,6,6.00,PM25,Micrograms/Cubic Meter ( ug/m<sup>3</sup> ),0,y,Livermore-793 Rincon Avenue 
3490,-,2022-05-26,7,5.00,PM25,Micrograms/Cubic Meter ( ug/m<sup>3</sup> ),0,y,Livermore-793 Rincon Avenue 
3490,-,2022-05-26,8,5.00,PM25,Micrograms/Cubic Meter ( ug/m<sup>3</sup> ),0,y,Livermore-793 Rincon Avenue 
3490,-,2022-05-26,9,4.00,PM25,Micrograms/Cubic Meter ( ug/m<sup>3</sup> ),0,y,Livermore-793 Rincon Avenue 
3490,-,2022-05-26,10,3.00,PM25,Micrograms/Cubic Meter ( ug/m<sup>3</sup> ),0,y,Livermore-793 Rincon Avenue 
3490,-,2022-05-26,11,6.00,PM25,Micrograms/Cubic Meter ( ug/m<sup>3</sup> ),0,y,Livermore-793 Rincon Avenue 
3490,-,2022-05-26,12,9.00,PM25,Micrograms/Cubic Meter ( ug/m<sup>3</sup> ),0,y,Livermore-793 Rincon Avenue 
3490,-,2022-05-26,13,7.00,PM25,Micrograms/Cubic Meter ( ug/m<sup>3</sup> ),0,y,Livermore-793 Rincon Avenue 
3490,-,2022-05-26,14,6.00,PM25,Micrograms/Cubic Meter ( ug/m<sup>3</sup> ),0,y,Livermore-793 Rincon Avenue 
3490,-,2022-05-26,15,5.00,PM25,Micrograms/Cubic Meter ( ug/m<sup>3</sup> ),0,y,Livermore-793 Rincon Avenue 
3490,-,2022-05-26,16,4.00,PM25,Micrograms/Cubic Meter ( ug/m<sup>3</sup> ),0,y,Livermore-793 Rincon Avenue 
3490,-,2022-05-26,17,3.00,PM25,Micrograms/Cubic Meter ( ug/m<sup>3</sup> ),0,y,Livermore-793 Rincon Avenue 
3490,-,2022-05-26,18,5.00,PM25,Micrograms/Cubic Meter ( ug/m<sup>3</sup> ),0,y,Livermore-793 Rincon Avenue 
3490,-,2022-05-26,19,4.00,PM25,Micrograms/Cubic Meter ( ug/m<sup>3</sup> ),0,y,Livermore-793 Rincon Avenue 
3490,-,2022-05-26,20,5.00,PM25,Micrograms/Cubic Meter ( ug/m<sup>3</sup> ),0,y,Livermore-793 Rincon Avenue 
3490,-,2022-05-26,21,4.00,PM25,Micrograms/Cubic Meter ( ug/m<sup>3</sup> ),0,y,Livermore-793 Rincon Avenue 
3490,-,2022-05-26,22,5.00,PM25,Micrograms/Cubic Meter ( ug/m<sup>3</sup> ),0,y,Livermore-793 Rincon Avenue 
3490,-,2022-05-26,23,8.00,PM25,Micrograms/Cubic Meter ( ug/m<sup>3</sup> ),0,y,Livermore-793 Rincon Avenue 
3490,-,2022-05-27,0,5.00,PM25,Micrograms/Cubic Meter ( ug/m<sup>3</sup> ),0,y,Livermore-793 Rincon Avenue 
3490,-,2022-05-27,1,4.00,PM25,Micrograms/Cubic Meter ( ug/m<sup>3</sup> ),0,y,Livermore-793 Rincon Avenue 
3490,-,2022-05-27,2,6.00,PM25,Micrograms/Cubic Meter ( ug/m<sup>3</sup> ),0,y,Livermore-793 Rincon Avenue 
3490,-,2022-05-27,3,5.00,PM25,Micrograms/Cubic Meter ( ug/m<sup>3</sup> ),0,y,Livermore-793 Rincon Avenue 
3490,-,2022-05-27,4,4.00,PM25,Micrograms/Cubic Meter ( ug/m<sup>3</sup> ),0,y,Livermore-793 Rincon Avenue 
3490,-,2022-05-27,5,4.00,PM25,Micrograms/Cubic Meter ( ug/m<sup>3</sup> ),0,y,Livermore-793 Rincon Avenue 
3490,-,2022-05-27,6,8.00,PM25,Micrograms/Cubic Meter ( ug/m<sup>3</sup> ),0,y,Livermore-793 Rincon Avenue 
3490,-,2022-05-27,7,9.00,PM25,Micrograms/Cubic Meter ( ug/m<sup>3</sup> ),0,y,Livermore-793 Rincon Avenue 
3490,-,2022-05-27,8,6.00,PM25,Micrograms/Cubic Meter ( ug/m<sup>3</sup> ),0,y,Livermore-793 Rincon Avenue 
3490,-,2022-05-27,9,8.00,PM25,Micrograms/Cubic Meter ( ug/m<sup>3</sup> ),0,y,Livermore-793 Rincon Avenue 
3490,-,2022-05-27,10,9.00,PM25,Micrograms/Cubic Meter ( ug/m<sup>3</sup> ),0,y,Livermore-793 Rincon Avenue 
3490,-,2022-05-27,11,6.00,PM25,Micrograms/Cubic Meter ( ug/m<sup>3</sup> ),0,y,Livermore-793 Rincon Avenue 
3490,-,2022-05-27,12,5.00,PM25,Micrograms/Cubic Meter ( ug/m<sup>3</sup> ),0,y,Livermore-793 Rincon Avenue 
3490,-,2022-05-27,13,6.00,PM25,Micrograms/Cubic Meter ( ug/m<sup>3</sup> ),0,y,Livermore-793 Rincon Avenue 
3490,-,2022-05-27,14,8.00,PM25,Micrograms/Cubic Meter ( ug/m<sup>3</sup> ),0,y,Livermore-793 Rincon Avenue 
3490,-,2022-05-27,15,6.00,PM25,Micrograms/Cubic Meter ( ug/m<sup>3</sup> ),0,y,Livermore-793 Rincon Avenue 
3490,-,2022-05-27,16,7.00,PM25,Micrograms/Cubic Meter ( ug/m<sup>3</sup> ),0,y,Livermore-793 Rincon Avenue 
3490,-,2022-05-27,17,6.00,PM25,Micrograms/Cubic Meter ( ug/m<sup>3</sup> ),0,y,Livermore-793 Rincon Avenue 
3490,-,2022-05-27,18,6.00,PM25,Micrograms/Cubic Meter ( ug/m<sup>3</sup> ),0,y,Livermore-793 Rincon Avenue 
3490,-,2022-05-27,19,5.00,PM25,Micrograms/Cubic Meter ( ug/m<sup>3</sup> ),0,y,Livermore-793 Rincon Avenue 
3490,-,2022-05-27,20,5.00,PM25,Micrograms/Cubic Meter ( ug/m<sup>3</sup> ),0,y,Livermore-793 Rincon Avenue 
3490,-,2022-05-27,21,5.00,PM25,Micrograms/Cubic Meter ( ug/m<sup>3</sup> ),0,y,Livermore-793 Rincon Avenue 
3490,-,2022-05-27,22,4.00,PM25,Micrograms/Cubic Meter ( ug/m<sup>3</sup> ),0,y,Livermore-793 Rincon Avenue 
3490,-,2022-05-27,23,4.00,PM25,Micrograms/Cubic Meter ( ug/m<sup>3</sup> ),0,y,Livermore-793 Rincon Avenue 
3490,-,2022-05-28,0,2.00,PM25,Micrograms/Cubic Meter ( ug/m<sup>3</sup> ),0,y,Livermore-793 Rincon Avenue 
3490,-,2022-05-28,1,-1.00,PM25,Micrograms/Cubic Meter ( ug/m<sup>3</sup> ),0,y,Livermore-793 Rincon Avenue 
3490,-,2022-05-28,2,0.00,PM25,Micrograms/Cubic Meter ( ug/m<sup>3</sup> ),0,y,Livermore-793 Rincon Avenue 
3490,-,2022-05-28,3,4.00,PM25,Micrograms/Cubic Meter ( ug/m<sup>3</sup> ),0,y,Livermore-793 Rincon Avenue 
3490,-,2022-05-28,4,3.00,PM25,Micrograms/Cubic Meter ( ug/m<sup>3</sup> ),0,y,Livermore-793 Rincon Avenue 
3490,-,2022-05-28,5,0.00,PM25,Micrograms/Cubic Meter ( ug/m<sup>3</sup> ),0,y,Livermore-793 Rincon Avenue 
3490,-,2022-05-28,6,0.00,PM25,Micrograms/Cubic Meter ( ug/m<sup>3</sup> ),0,y,Livermore-793 Rincon Avenue 
3490,-,2022-05-28,7,2.00,PM25,Micrograms/Cubic Meter ( ug/m<sup>3</sup> ),0,y,Livermore-793 Rincon Avenue 
3490,-,2022-05-28,8,2.00,PM25,Micrograms/Cubic Meter ( ug/m<sup>3</sup> ),0,y,Livermore-793 Rincon Avenue 
3490,-,2022-05-28,9,0.00,PM25,Micrograms/Cubic Meter ( ug/m<sup>3</sup> ),0,y,Livermore-793 Rincon Avenue 
3490,-,2022-05-28,10,1.00,PM25,Micrograms/Cubic Meter ( ug/m<sup>3</sup> ),0,y,Livermore-793 Rincon Avenue 
3490,-,2022-05-28,11,2.00,PM25,Micrograms/Cubic Meter ( ug/m<sup>3</sup> ),0,y,Livermore-793 Rincon Avenue 
3490,-,2022-05-28,12,4.00,PM25,Micrograms/Cubic Meter ( ug/m<sup>3</sup> ),0,y,Livermore-793 Rincon Avenue 
3490,-,2022-05-28,13,4.00,PM25,Micrograms/Cubic Meter ( ug/m<sup>3</sup> ),0,y,Livermore-793 Rincon Avenue 
3490,-,2022-05-28,14,4.00,PM25,Micrograms/Cubic Meter ( ug/m<sup>3</sup> ),0,y,Livermore-793 Rincon Avenue 
3490,-,2022-05-28,15,5.00,PM25,Micrograms/Cubic Meter ( ug/m<sup>3</sup> ),0,y,Livermore-793 Rincon Avenue 
3490,-,2022-05-28,16,4.00,PM25,Micrograms/Cubic Meter ( ug/m<sup>3</sup> ),0,y,Livermore-793 Rincon Avenue 
3490,-,2022-05-28,17,3.00,PM25,Micrograms/Cubic Meter ( ug/m<sup>3</sup> ),0,y,Livermore-793 Rincon Avenue 
3490,-,2022-05-28,18,4.00,PM25,Micrograms/Cubic Meter ( ug/m<sup>3</sup> ),0,y,Livermore-793 Rincon Avenue 
3490,-,2022-05-28,19,6.00,PM25,Micrograms/Cubic Meter ( ug/m<sup>3</sup> ),0,y,Livermore-793 Rincon Avenue 
3490,-,2022-05-28,20,5.00,PM25,Micrograms/Cubic Meter ( ug/m<sup>3</sup> ),0,y,Livermore-793 Rincon Avenue 
3490,-,2022-05-28,21,4.00,PM25,Micrograms/Cubic Meter ( ug/m<sup>3</sup> ),0,y,Livermore-793 Rincon Avenue 
3490,-,2022-05-28,22,4.00,PM25,Micrograms/Cubic Meter ( ug/m<sup>3</sup> ),0,y,Livermore-793 Rincon Avenue 
3490,-,2022-05-28,23,3.00,PM25,Micrograms/Cubic Meter ( ug/m<sup>3</sup> ),0,y,Livermore-793 Rincon Avenue 
3490,-,2022-05-29,0,4.00,PM25,Micrograms/Cubic Meter ( ug/m<sup>3</sup> ),0,y,Livermore-793 Rincon Avenue 
3490,-,2022-05-29,1,7.00,PM25,Micrograms/Cubic Meter ( ug/m<sup>3</sup> ),0,y,Livermore-793 Rincon Avenue 
3490,-,2022-05-29,2,5.00,PM25,Micrograms/Cubic Meter ( ug/m<sup>3</sup> ),0,y,Livermore-793 Rincon Avenue 
3490,-,2022-05-29,3,8.00,PM25,Micrograms/Cubic Meter ( ug/m<sup>3</sup> ),0,y,Livermore-793 Rincon Avenue 
3490,-,2022-05-29,4,7.00,PM25,Micrograms/Cubic Meter ( ug/m<sup>3</sup> ),0,y,Livermore-793 Rincon Avenue 
3490,-,2022-05-29,5,4.00,PM25,Micrograms/Cubic Meter ( ug/m<sup>3</sup> ),0,y,Livermore-793 Rincon Avenue 
3490,-,2022-05-29,6,3.00,PM25,Micrograms/Cubic Meter ( ug/m<sup>3</sup> ),0,y,Livermore-793 Rincon Avenue 
3490,-,2022-05-29,7,3.00,PM25,Micrograms/Cubic Meter ( ug/m<sup>3</sup> ),0,y,Livermore-793 Rincon Avenue 
3490,-,2022-05-29,8,3.00,PM25,Micrograms/Cubic Meter ( ug/m<sup>3</sup> ),0,y,Livermore-793 Rincon Avenue 
3490,-,2022-05-29,9,4.00,PM25,Micrograms/Cubic Meter ( ug/m<sup>3</sup> ),0,y,Livermore-793 Rincon Avenue 
3490,-,2022-05-29,10,3.00,PM25,Micrograms/Cubic Meter ( ug/m<sup>3</sup> ),0,y,Livermore-793 Rincon Avenue 
3490,-,2022-05-29,11,4.00,PM25,Micrograms/Cubic Meter ( ug/m<sup>3</sup> ),0,y,Livermore-793 Rincon Avenue 
3490,-,2022-05-29,12,3.00,PM25,Micrograms/Cubic Meter ( ug/m<sup>3</sup> ),0,y,Livermore-793 Rincon Avenue 
3490,-,2022-05-29,13,3.00,PM25,Micrograms/Cubic Meter ( ug/m<sup>3</sup> ),0,y,Livermore-793 Rincon Avenue 
3490,-,2022-05-29,14,5.00,PM25,Micrograms/Cubic Meter ( ug/m<sup>3</sup> ),0,y,Livermore-793 Rincon Avenue 
3490,-,2022-05-29,15,4.00,PM25,Micrograms/Cubic Meter ( ug/m<sup>3</sup> ),0,y,Livermore-793 Rincon Avenue 
3490,-,2022-05-29,16,3.00,PM25,Micrograms/Cubic Meter ( ug/m<sup>3</sup> ),0,y,Livermore-793 Rincon Avenue 
3490,-,2022-05-29,17,5.00,PM25,Micrograms/Cubic Meter ( ug/m<sup>3</sup> ),0,y,Livermore-793 Rincon Avenue 
3490,-,2022-05-29,18,6.00,PM25,Micrograms/Cubic Meter ( ug/m<sup>3</sup> ),0,y,Livermore-793 Rincon Avenue 
3490,-,2022-05-29,19,7.00,PM25,Micrograms/Cubic Meter ( ug/m<sup>3</sup> ),0,y,Livermore-793 Rincon Avenue 
3490,-,2022-05-29,20,9.00,PM25,Micrograms/Cubic Meter ( ug/m<sup>3</sup> ),0,y,Livermore-793 Rincon Avenue 
3490,-,2022-05-29,21,9.00,PM25,Micrograms/Cubic Meter ( ug/m<sup>3</sup> ),0,y,Livermore-793 Rincon Avenue 
3490,-,2022-05-29,22,9.00,PM25,Micrograms/Cubic Meter ( ug/m<sup>3</sup> ),0,y,Livermore-793 Rincon Avenue 
3490,-,2022-05-29,23,10.00,PM25,Micrograms/Cubic Meter ( ug/m<sup>3</sup> ),0,y,Livermore-793 Rincon Avenue 
3490,-,2022-05-30,0,11.00,PM25,Micrograms/Cubic Meter ( ug/m<sup>3</sup> ),0,y,Livermore-793 Rincon Avenue 
3490,-,2022-05-30,1,8.00,PM25,Micrograms/Cubic Meter ( ug/m<sup>3</sup> ),0,y,Livermore-793 Rincon Avenue 
3490,-,2022-05-30,2,7.00,PM25,Micrograms/Cubic Meter ( ug/m<sup>3</sup> ),0,y,Livermore-793 Rincon Avenue 
3490,-,2022-05-30,3,9.00,PM25,Micrograms/Cubic Meter ( ug/m<sup>3</sup> ),0,y,Livermore-793 Rincon Avenue 
3490,-,2022-05-30,4,10.00,PM25,Micrograms/Cubic Meter ( ug/m<sup>3</sup> ),0,y,Livermore-793 Rincon Avenue 
3490,-,2022-05-30,5,7.00,PM25,Micrograms/Cubic Meter ( ug/m<sup>3</sup> ),0,y,Livermore-793 Rincon Avenue 
3490,-,2022-05-30,6,9.00,PM25,Micrograms/Cubic Meter ( ug/m<sup>3</sup> ),0,y,Livermore-793 Rincon Avenue 
3490,-,2022-05-30,7,10.00,PM25,Micrograms/Cubic Meter ( ug/m<sup>3</sup> ),0,y,Livermore-793 Rincon Avenue 
3490,-,2022-05-30,8,8.00,PM25,Micrograms/Cubic Meter ( ug/m<sup>3</sup> ),0,y,Livermore-793 Rincon Avenue 
3490,-,2022-05-30,9,7.00,PM25,Micrograms/Cubic Meter ( ug/m<sup>3</sup> ),0,y,Livermore-793 Rincon Avenue 
3490,-,2022-05-30,10,10.00,PM25,Micrograms/Cubic Meter ( ug/m<sup>3</sup> ),0,y,Livermore-793 Rincon Avenue 
3490,-,2022-05-30,11,6.00,PM25,Micrograms/Cubic Meter ( ug/m<sup>3</sup> ),0,y,Livermore-793 Rincon Avenue 
3490,-,2022-05-30,12,4.00,PM25,Micrograms/Cubic Meter ( ug/m<sup>3</sup> ),0,y,Livermore-793 Rincon Avenue 
3490,-,2022-05-30,13,3.00,PM25,Micrograms/Cubic Meter ( ug/m<sup>3</sup> ),0,y,Livermore-793 Rincon Avenue 
3490,-,2022-05-30,14,4.00,PM25,Micrograms/Cubic Meter ( ug/m<sup>3</sup> ),0,y,Livermore-793 Rincon Avenue 
3490,-,2022-05-30,15,3.00,PM25,Micrograms/Cubic Meter ( ug/m<sup>3</sup> ),0,y,Livermore-793 Rincon Avenue 
3490,-,2022-05-30,16,5.00,PM25,Micrograms/Cubic Meter ( ug/m<sup>3</sup> ),0,y,Livermore-793 Rincon Avenue 
3490,-,2022-05-30,17,6.00,PM25,Micrograms/Cubic Meter ( ug/m<sup>3</sup> ),0,y,Livermore-793 Rincon Avenue 
3490,-,2022-05-30,18,5.00,PM25,Micrograms/Cubic Meter ( ug/m<sup>3</sup> ),0,y,Livermore-793 Rincon Avenue 
3490,-,2022-05-30,19,7.00,PM25,Micrograms/Cubic Meter ( ug/m<sup>3</sup> ),0,y,Livermore-793 Rincon Avenue 
3490,-,2022-05-30,20,10.00,PM25,Micrograms/Cubic Meter ( ug/m<sup>3</sup> ),0,y,Livermore-793 Rincon Avenue 
3490,-,2022-05-30,21,12.00,PM25,Micrograms/Cubic Meter ( ug/m<sup>3</sup> ),0,y,Livermore-793 Rincon Avenue 
3490,-,2022-05-30,22,9.00,PM25,Micrograms/Cubic Meter ( ug/m<sup>3</sup> ),0,y,Livermore-793 Rincon Avenue 
3490,-,2022-05-30,23,7.00,PM25,Micrograms/Cubic Meter ( ug/m<sup>3</sup> ),0,y,Livermore-793 Rincon Avenue 
3490,-,2022-05-31,0,6.00,PM25,Micrograms/Cubic Meter ( ug/m<sup>3</sup> ),0,y,Livermore-793 Rincon Avenue 
3490,-,2022-05-31,1,9.00,PM25,Micrograms/Cubic Meter ( ug/m<sup>3</sup> ),0,y,Livermore-793 Rincon Avenue 
3490,-,2022-05-31,2,9.00,PM25,Micrograms/Cubic Meter ( ug/m<sup>3</sup> ),0,y,Livermore-793 Rincon Avenue 
3490,-,2022-05-31,3,6.00,PM25,Micrograms/Cubic Meter ( ug/m<sup>3</sup> ),0,y,Livermore-793 Rincon Avenue 
3490,-,2022-05-31,4,25.00,PM25,Micrograms/Cubic Meter ( ug/m<sup>3</sup> ),0,y,Livermore-793 Rincon Avenue 
3490,-,2022-05-31,5,15.00,PM25,Micrograms/Cubic Meter ( ug/m<sup>3</sup> ),0,y,Livermore-793 Rincon Avenue 
3490,-,2022-05-31,6,14.00,PM25,Micrograms/Cubic Meter ( ug/m<sup>3</sup> ),0,y,Livermore-793 Rincon Avenue 
3490,-,2022-05-31,7,12.00,PM25,Micrograms/Cubic Meter ( ug/m<sup>3</sup> ),0,y,Livermore-793 Rincon Avenue 
3490,-,2022-05-31,9,7.00,PM25,Micrograms/Cubic Meter ( ug/m<sup>3</sup> ),0,y,Livermore-793 Rincon Avenue 
3490,-,2022-05-31,10,8.00,PM25,Micrograms/Cubic Meter ( ug/m<sup>3</sup> ),0,y,Livermore-793 Rincon Avenue 
3490,-,2022-05-31,11,5.00,PM25,Micrograms/Cubic Meter ( ug/m<sup>3</sup> ),0,y,Livermore-793 Rincon Avenue 
3490,-,2022-05-31,12,3.00,PM25,Micrograms/Cubic Meter ( ug/m<sup>3</sup> ),0,y,Livermore-793 Rincon Avenue 
3490,-,2022-05-31,13,6.00,PM25,Micrograms/Cubic Meter ( ug/m<sup>3</sup> ),0,y,Livermore-793 Rincon Avenue 
3490,-,2022-05-31,14,7.00,PM25,Micrograms/Cubic Meter ( ug/m<sup>3</sup> ),0,y,Livermore-793 Rincon Avenue 
3490,-,2022-05-31,15,5.00,PM25,Micrograms/Cubic Meter ( ug/m<sup>3</sup> ),0,y,Livermore-793 Rincon Avenue 
3490,-,2022-05-31,16,4.00,PM25,Micrograms/Cubic Meter ( ug/m<sup>3</sup> ),0,y,Livermore-793 Rincon Avenue 
3490,-,2022-05-31,17,3.00,PM25,Micrograms/Cubic Meter ( ug/m<sup>3</sup> ),0,y,Livermore-793 Rincon Avenue 
3490,-,2022-05-31,18,7.00,PM25,Micrograms/Cubic Meter ( ug/m<sup>3</sup> ),0,y,Livermore-793 Rincon Avenue 
3490,-,2022-05-31,19,7.00,PM25,Micrograms/Cubic Meter ( ug/m<sup>3</sup> ),0,y,Livermore-793 Rincon Avenue 
3490,-,2022-05-31,20,7.00,PM25,Micrograms/Cubic Meter ( ug/m<sup>3</sup> ),0,y,Livermore-793 Rincon Avenue 
3490,-,2022-05-31,21,6.00,PM25,Micrograms/Cubic Meter ( ug/m<sup>3</sup> ),0,y,Livermore-793 Rincon Avenue 
3490,-,2022-05-31,22,8.00,PM25,Micrograms/Cubic Meter ( ug/m<sup>3</sup> ),0,y,Livermore-793 Rincon Avenue 
3490,-,2022-05-31,23,10.00,PM25,Micrograms/Cubic Meter ( ug/m<sup>3</sup> ),0,y,Livermore-793 Rincon Avenue 
3490,-,2022-06-01,0,9.00,PM25,Micrograms/Cubic Meter ( ug/m<sup>3</sup> ),0,y,Livermore-793 Rincon Avenue 
3490,-,2022-06-01,1,7.00,PM25,Micrograms/Cubic Meter ( ug/m<sup>3</sup> ),0,y,Livermore-793 Rincon Avenue 
3490,-,2022-06-01,2,8.00,PM25,Micrograms/Cubic Meter ( ug/m<sup>3</sup> ),0,y,Livermore-793 Rincon Avenue 
3490,-,2022-06-01,3,7.00,PM25,Micrograms/Cubic Meter ( ug/m<sup>3</sup> ),0,y,Livermore-793 Rincon Avenue 
3490,-,2022-06-01,4,5.00,PM25,Micrograms/Cubic Meter ( ug/m<sup>3</sup> ),0,y,Livermore-793 Rincon Avenue 
3490,-,2022-06-01,5,9.00,PM25,Micrograms/Cubic Meter ( ug/m<sup>3</sup> ),0,y,Livermore-793 Rincon Avenue 
3490,-,2022-06-01,6,6.00,PM25,Micrograms/Cubic Meter ( ug/m<sup>3</sup> ),0,y,Livermore-793 Rincon Avenue 
3490,-,2022-06-01,7,12.00,PM25,Micrograms/Cubic Meter ( ug/m<sup>3</sup> ),0,y,Livermore-793 Rincon Avenue 
3490,-,2022-06-01,8,13.00,PM25,Micrograms/Cubic Meter ( ug/m<sup>3</sup> ),0,y,Livermore-793 Rincon Avenue 
3490,-,2022-06-01,9,8.00,PM25,Micrograms/Cubic Meter ( ug/m<sup>3</sup> ),0,y,Livermore-793 Rincon Avenue 
3490,-,2022-06-01,10,6.00,PM25,Micrograms/Cubic Meter ( ug/m<sup>3</sup> ),0,y,Livermore-793 Rincon Avenue 
3490,-,2022-06-01,11,5.00,PM25,Micrograms/Cubic Meter ( ug/m<sup>3</sup> ),0,y,Livermore-793 Rincon Avenue 
3490,-,2022-06-01,12,4.00,PM25,Micrograms/Cubic Meter ( ug/m<sup>3</sup> ),0,y,Livermore-793 Rincon Avenue 
3490,-,2022-06-01,13,2.00,PM25,Micrograms/Cubic Meter ( ug/m<sup>3</sup> ),0,y,Livermore-793 Rincon Avenue 
3490,-,2022-06-01,14,2.00,PM25,Micrograms/Cubic Meter ( ug/m<sup>3</sup> ),0,y,Livermore-793 Rincon Avenue 
3490,-,2022-06-01,15,2.00,PM25,Micrograms/Cubic Meter ( ug/m<sup>3</sup> ),0,y,Livermore-793 Rincon Avenue 
3490,-,2022-06-01,16,5.00,PM25,Micrograms/Cubic Meter ( ug/m<sup>3</sup> ),0,y,Livermore-793 Rincon Avenue 
3490,-,2022-06-01,17,6.00,PM25,Micrograms/Cubic Meter ( ug/m<sup>3</sup> ),0,y,Livermore-793 Rincon Avenue 
3490,-,2022-06-01,18,5.00,PM25,Micrograms/Cubic Meter ( ug/m<sup>3</sup> ),0,y,Livermore-793 Rincon Avenue 
3490,-,2022-06-01,19,8.00,PM25,Micrograms/Cubic Meter ( ug/m<sup>3</sup> ),0,y,Livermore-793 Rincon Avenue 
3490,-,2022-06-01,20,8.00,PM25,Micrograms/Cubic Meter ( ug/m<sup>3</sup> ),0,y,Livermore-793 Rincon Avenue 
3490,-,2022-06-01,21,10.00,PM25,Micrograms/Cubic Meter ( ug/m<sup>3</sup> ),0,y,Livermore-793 Rincon Avenue 
3490,-,2022-06-01,22,9.00,PM25,Micrograms/Cubic Meter ( ug/m<sup>3</sup> ),0,y,Livermore-793 Rincon Avenue 
3490,-,2022-06-01,23,11.00,PM25,Micrograms/Cubic Meter ( ug/m<sup>3</sup> ),0,y,Livermore-793 Rincon Avenue 
3490,-,2022-06-02,0,11.00,PM25,Micrograms/Cubic Meter ( ug/m<sup>3</sup> ),0,y,Livermore-793 Rincon Avenue 
3490,-,2022-06-02,1,7.00,PM25,Micrograms/Cubic Meter ( ug/m<sup>3</sup> ),0,y,Livermore-793 Rincon Avenue 
3490,-,2022-06-02,2,7.00,PM25,Micrograms/Cubic Meter ( ug/m<sup>3</sup> ),0,y,Livermore-793 Rincon Avenue 
3490,-,2022-06-02,3,8.00,PM25,Micrograms/Cubic Meter ( ug/m<sup>3</sup> ),0,y,Livermore-793 Rincon Avenue 
3490,-,2022-06-02,4,9.00,PM25,Micrograms/Cubic Meter ( ug/m<sup>3</sup> ),0,y,Livermore-793 Rincon Avenue 
3490,-,2022-06-02,5,8.00,PM25,Micrograms/Cubic Meter ( ug/m<sup>3</sup> ),0,y,Livermore-793 Rincon Avenue 
3490,-,2022-06-02,6,6.00,PM25,Micrograms/Cubic Meter ( ug/m<sup>3</sup> ),0,y,Livermore-793 Rincon Avenue 
3490,-,2022-06-02,7,7.00,PM25,Micrograms/Cubic Meter ( ug/m<sup>3</sup> ),0,y,Livermore-793 Rincon Avenue 
3490,-,2022-06-02,8,5.00,PM25,Micrograms/Cubic Meter ( ug/m<sup>3</sup> ),0,y,Livermore-793 Rincon Avenue 
3490,-,2022-06-02,9,4.00,PM25,Micrograms/Cubic Meter ( ug/m<sup>3</sup> ),0,y,Livermore-793 Rincon Avenue 
3490,-,2022-06-02,10,5.00,PM25,Micrograms/Cubic Meter ( ug/m<sup>3</sup> ),0,y,Livermore-793 Rincon Avenue 
3490,-,2022-06-02,11,8.00,PM25,Micrograms/Cubic Meter ( ug/m<sup>3</sup> ),0,y,Livermore-793 Rincon Avenue 
3490,-,2022-06-02,12,7.00,PM25,Micrograms/Cubic Meter ( ug/m<sup>3</sup> ),0,y,Livermore-793 Rincon Avenue 
3490,-,2022-06-02,13,5.00,PM25,Micrograms/Cubic Meter ( ug/m<sup>3</sup> ),0,y,Livermore-793 Rincon Avenue 
3490,-,2022-06-02,14,4.00,PM25,Micrograms/Cubic Meter ( ug/m<sup>3</sup> ),0,y,Livermore-793 Rincon Avenue 
3490,-,2022-06-02,15,5.00,PM25,Micrograms/Cubic Meter ( ug/m<sup>3</sup> ),0,y,Livermore-793 Rincon Avenue 
3490,-,2022-06-02,16,4.00,PM25,Micrograms/Cubic Meter ( ug/m<sup>3</sup> ),0,y,Livermore-793 Rincon Avenue 
3490,-,2022-06-02,17,3.00,PM25,Micrograms/Cubic Meter ( ug/m<sup>3</sup> ),0,y,Livermore-793 Rincon Avenue 
3490,-,2022-06-02,18,3.00,PM25,Micrograms/Cubic Meter ( ug/m<sup>3</sup> ),0,y,Livermore-793 Rincon Avenue 
3490,-,2022-06-02,19,4.00,PM25,Micrograms/Cubic Meter ( ug/m<sup>3</sup> ),0,y,Livermore-793 Rincon Avenue 
3490,-,2022-06-02,20,3.00,PM25,Micrograms/Cubic Meter ( ug/m<sup>3</sup> ),0,y,Livermore-793 Rincon Avenue 
3490,-,2022-06-02,21,1.00,PM25,Micrograms/Cubic Meter ( ug/m<sup>3</sup> ),0,y,Livermore-793 Rincon Avenue 
3490,-,2022-06-02,22,0.00,PM25,Micrograms/Cubic Meter ( ug/m<sup>3</sup> ),0,y,Livermore-793 Rincon Avenue 
3490,-,2022-06-02,23,2.00,PM25,Micrograms/Cubic Meter ( ug/m<sup>3</sup> ),0,y,Livermore-793 Rincon Avenue 
3490,-,2022-06-03,0,4.00,PM25,Micrograms/Cubic Meter ( ug/m<sup>3</sup> ),0,y,Livermore-793 Rincon Avenue 
3490,-,2022-06-03,1,4.00,PM25,Micrograms/Cubic Meter ( ug/m<sup>3</sup> ),0,y,Livermore-793 Rincon Avenue 
3490,-,2022-06-03,2,3.00,PM25,Micrograms/Cubic Meter ( ug/m<sup>3</sup> ),0,y,Livermore-793 Rincon Avenue 
3490,-,2022-06-03,3,1.00,PM25,Micrograms/Cubic Meter ( ug/m<sup>3</sup> ),0,y,Livermore-793 Rincon Avenue 
3490,-,2022-06-03,4,2.00,PM25,Micrograms/Cubic Meter ( ug/m<sup>3</sup> ),0,y,Livermore-793 Rincon Avenue 
3490,-,2022-06-03,5,2.00,PM25,Micrograms/Cubic Meter ( ug/m<sup>3</sup> ),0,y,Livermore-793 Rincon Avenue 
3490,-,2022-06-03,6,1.00,PM25,Micrograms/Cubic Meter ( ug/m<sup>3</sup> ),0,y,Livermore-793 Rincon Avenue 
3490,-,2022-06-03,7,4.00,PM25,Micrograms/Cubic Meter ( ug/m<sup>3</sup> ),0,y,Livermore-793 Rincon Avenue 
3490,-,2022-06-03,8,7.00,PM25,Micrograms/Cubic Meter ( ug/m<sup>3</sup> ),0,y,Livermore-793 Rincon Avenue 
3490,-,2022-06-03,9,5.00,PM25,Micrograms/Cubic Meter ( ug/m<sup>3</sup> ),0,y,Livermore-793 Rincon Avenue 
3490,-,2022-06-03,10,5.00,PM25,Micrograms/Cubic Meter ( ug/m<sup>3</sup> ),0,y,Livermore-793 Rincon Avenue 
3490,-,2022-06-03,11,4.00,PM25,Micrograms/Cubic Meter ( ug/m<sup>3</sup> ),0,y,Livermore-793 Rincon Avenue 
3490,-,2022-06-03,12,3.00,PM25,Micrograms/Cubic Meter ( ug/m<sup>3</sup> ),0,y,Livermore-793 Rincon Avenue 
3490,-,2022-06-03,13,2.00,PM25,Micrograms/Cubic Meter ( ug/m<sup>3</sup> ),0,y,Livermore-793 Rincon Avenue 
3490,-,2022-06-03,14,2.00,PM25,Micrograms/Cubic Meter ( ug/m<sup>3</sup> ),0,y,Livermore-793 Rincon Avenue 
3490,-,2022-06-03,15,2.00,PM25,Micrograms/Cubic Meter ( ug/m<sup>3</sup> ),0,y,Livermore-793 Rincon Avenue 
3490,-,2022-06-03,16,1.00,PM25,Micrograms/Cubic Meter ( ug/m<sup>3</sup> ),0,y,Livermore-793 Rincon Avenue 
3490,-,2022-06-03,17,1.00,PM25,Micrograms/Cubic Meter ( ug/m<sup>3</sup> ),0,y,Livermore-793 Rincon Avenue 
3490,-,2022-06-03,18,1.00,PM25,Micrograms/Cubic Meter ( ug/m<sup>3</sup> ),0,y,Livermore-793 Rincon Avenue 
3490,-,2022-06-03,19,1.00,PM25,Micrograms/Cubic Meter ( ug/m<sup>3</sup> ),0,y,Livermore-793 Rincon Avenue 
3490,-,2022-06-03,20,1.00,PM25,Micrograms/Cubic Meter ( ug/m<sup>3</sup> ),0,y,Livermore-793 Rincon Avenue 
3490,-,2022-06-03,21,2.00,PM25,Micrograms/Cubic Meter ( ug/m<sup>3</sup> ),0,y,Livermore-793 Rincon Avenue 
3490,-,2022-06-03,22,2.00,PM25,Micrograms/Cubic Meter ( ug/m<sup>3</sup> ),0,y,Livermore-793 Rincon Avenue 
3490,-,2022-06-03,23,3.00,PM25,Micrograms/Cubic Meter ( ug/m<sup>3</sup> ),0,y,Livermore-793 Rincon Avenue 
3490,-,2022-06-04,0,2.00,PM25,Micrograms/Cubic Meter ( ug/m<sup>3</sup> ),0,y,Livermore-793 Rincon Avenue 
3490,-,2022-06-04,1,2.00,PM25,Micrograms/Cubic Meter ( ug/m<sup>3</sup> ),0,y,Livermore-793 Rincon Avenue 
3490,-,2022-06-04,2,1.00,PM25,Micrograms/Cubic Meter ( ug/m<sup>3</sup> ),0,y,Livermore-793 Rincon Avenue 
3490,-,2022-06-04,3,1.00,PM25,Micrograms/Cubic Meter ( ug/m<sup>3</sup> ),0,y,Livermore-793 Rincon Avenue 
3490,-,2022-06-04,4,2.00,PM25,Micrograms/Cubic Meter ( ug/m<sup>3</sup> ),0,y,Livermore-793 Rincon Avenue 
3490,-,2022-06-04,5,2.00,PM25,Micrograms/Cubic Meter ( ug/m<sup>3</sup> ),0,y,Livermore-793 Rincon Avenue 
3490,-,2022-06-04,6,2.00,PM25,Micrograms/Cubic Meter ( ug/m<sup>3</sup> ),0,y,Livermore-793 Rincon Avenue 
3490,-,2022-06-04,7,3.00,PM25,Micrograms/Cubic Meter ( ug/m<sup>3</sup> ),0,y,Livermore-793 Rincon Avenue 
3490,-,2022-06-04,8,2.00,PM25,Micrograms/Cubic Meter ( ug/m<sup>3</sup> ),0,y,Livermore-793 Rincon Avenue 
3490,-,2022-06-04,9,3.00,PM25,Micrograms/Cubic Meter ( ug/m<sup>3</sup> ),0,y,Livermore-793 Rincon Avenue 
3490,-,2022-06-04,10,5.00,PM25,Micrograms/Cubic Meter ( ug/m<sup>3</sup> ),0,y,Livermore-793 Rincon Avenue 
3490,-,2022-06-04,11,2.00,PM25,Micrograms/Cubic Meter ( ug/m<sup>3</sup> ),0,y,Livermore-793 Rincon Avenue 
3490,-,2022-06-04,12,2.00,PM25,Micrograms/Cubic Meter ( ug/m<sup>3</sup> ),0,y,Livermore-793 Rincon Avenue 
3490,-,2022-06-04,13,3.00,PM25,Micrograms/Cubic Meter ( ug/m<sup>3</sup> ),0,y,Livermore-793 Rincon Avenue 
3490,-,2022-06-04,14,2.00,PM25,Micrograms/Cubic Meter ( ug/m<sup>3</sup> ),0,y,Livermore-793 Rincon Avenue 
3490,-,2022-06-04,15,4.00,PM25,Micrograms/Cubic Meter ( ug/m<sup>3</sup> ),0,y,Livermore-793 Rincon Avenue 
3490,-,2022-06-04,16,5.00,PM25,Micrograms/Cubic Meter ( ug/m<sup>3</sup> ),0,y,Livermore-793 Rincon Avenue 
3490,-,2022-06-04,17,4.00,PM25,Micrograms/Cubic Meter ( ug/m<sup>3</sup> ),0,y,Livermore-793 Rincon Avenue 
3490,-,2022-06-04,18,3.00,PM25,Micrograms/Cubic Meter ( ug/m<sup>3</sup> ),0,y,Livermore-793 Rincon Avenue 
3490,-,2022-06-04,19,3.00,PM25,Micrograms/Cubic Meter ( ug/m<sup>3</sup> ),0,y,Livermore-793 Rincon Avenue 
3490,-,2022-06-04,20,5.00,PM25,Micrograms/Cubic Meter ( ug/m<sup>3</sup> ),0,y,Livermore-793 Rincon Avenue 
3490,-,2022-06-04,21,6.00,PM25,Micrograms/Cubic Meter ( ug/m<sup>3</sup> ),0,y,Livermore-793 Rincon Avenue 
3490,-,2022-06-04,22,5.00,PM25,Micrograms/Cubic Meter ( ug/m<sup>3</sup> ),0,y,Livermore-793 Rincon Avenue 
3490,-,2022-06-04,23,5.00,PM25,Micrograms/Cubic Meter ( ug/m<sup>3</sup> ),0,y,Livermore-793 Rincon Avenue 
3490,-,2022-06-05,0,3.00,PM25,Micrograms/Cubic Meter ( ug/m<sup>3</sup> ),0,y,Livermore-793 Rincon Avenue 
3490,-,2022-06-05,1,2.00,PM25,Micrograms/Cubic Meter ( ug/m<sup>3</sup> ),0,y,Livermore-793 Rincon Avenue 
3490,-,2022-06-05,2,1.00,PM25,Micrograms/Cubic Meter ( ug/m<sup>3</sup> ),0,y,Livermore-793 Rincon Avenue 
3490,-,2022-06-05,3,4.00,PM25,Micrograms/Cubic Meter ( ug/m<sup>3</sup> ),0,y,Livermore-793 Rincon Avenue 
3490,-,2022-06-05,4,4.00,PM25,Micrograms/Cubic Meter ( ug/m<sup>3</sup> ),0,y,Livermore-793 Rincon Avenue 
3490,-,2022-06-05,5,4.00,PM25,Micrograms/Cubic Meter ( ug/m<sup>3</sup> ),0,y,Livermore-793 Rincon Avenue 
3490,-,2022-06-05,6,3.00,PM25,Micrograms/Cubic Meter ( ug/m<sup>3</sup> ),0,y,Livermore-793 Rincon Avenue 
3490,-,2022-06-05,7,1.00,PM25,Micrograms/Cubic Meter ( ug/m<sup>3</sup> ),0,y,Livermore-793 Rincon Avenue 
3490,-,2022-06-05,8,0.00,PM25,Micrograms/Cubic Meter ( ug/m<sup>3</sup> ),0,y,Livermore-793 Rincon Avenue 
3490,-,2022-06-05,9,1.00,PM25,Micrograms/Cubic Meter ( ug/m<sup>3</sup> ),0,y,Livermore-793 Rincon Avenue 
3490,-,2022-06-05,10,2.00,PM25,Micrograms/Cubic Meter ( ug/m<sup>3</sup> ),0,y,Livermore-793 Rincon Avenue 
3490,-,2022-06-05,11,4.00,PM25,Micrograms/Cubic Meter ( ug/m<sup>3</sup> ),0,y,Livermore-793 Rincon Avenue 
3490,-,2022-06-05,12,3.00,PM25,Micrograms/Cubic Meter ( ug/m<sup>3</sup> ),0,y,Livermore-793 Rincon Avenue 
3490,-,2022-06-05,13,0.00,PM25,Micrograms/Cubic Meter ( ug/m<sup>3</sup> ),0,y,Livermore-793 Rincon Avenue 
3490,-,2022-06-05,14,-1.00,PM25,Micrograms/Cubic Meter ( ug/m<sup>3</sup> ),0,y,Livermore-793 Rincon Avenue 
3490,-,2022-06-05,15,1.00,PM25,Micrograms/Cubic Meter ( ug/m<sup>3</sup> ),0,y,Livermore-793 Rincon Avenue 
3490,-,2022-06-05,16,2.00,PM25,Micrograms/Cubic Meter ( ug/m<sup>3</sup> ),0,y,Livermore-793 Rincon Avenue 
3490,-,2022-06-05,17,2.00,PM25,Micrograms/Cubic Meter ( ug/m<sup>3</sup> ),0,y,Livermore-793 Rincon Avenue 
3490,-,2022-06-05,18,1.00,PM25,Micrograms/Cubic Meter ( ug/m<sup>3</sup> ),0,y,Livermore-793 Rincon Avenue 
3490,-,2022-06-05,19,5.00,PM25,Micrograms/Cubic Meter ( ug/m<sup>3</sup> ),0,y,Livermore-793 Rincon Avenue 
3490,-,2022-06-05,20,4.00,PM25,Micrograms/Cubic Meter ( ug/m<sup>3</sup> ),0,y,Livermore-793 Rincon Avenue 
3490,-,2022-06-05,21,2.00,PM25,Micrograms/Cubic Meter ( ug/m<sup>3</sup> ),0,y,Livermore-793 Rincon Avenue 
3490,-,2022-06-05,22,4.00,PM25,Micrograms/Cubic Meter ( ug/m<sup>3</sup> ),0,y,Livermore-793 Rincon Avenue 
3490,-,2022-06-05,23,2.00,PM25,Micrograms/Cubic Meter ( ug/m<sup>3</sup> ),0,y,Livermore-793 Rincon Avenue 
3490,-,2022-06-06,0,4.00,PM25,Micrograms/Cubic Meter ( ug/m<sup>3</sup> ),0,y,Livermore-793 Rincon Avenue 
3490,-,2022-06-06,1,5.00,PM25,Micrograms/Cubic Meter ( ug/m<sup>3</sup> ),0,y,Livermore-793 Rincon Avenue 
3490,-,2022-06-06,2,1.00,PM25,Micrograms/Cubic Meter ( ug/m<sup>3</sup> ),0,y,Livermore-793 Rincon Avenue 
3490,-,2022-06-06,3,1.00,PM25,Micrograms/Cubic Meter ( ug/m<sup>3</sup> ),0,y,Livermore-793 Rincon Avenue 
3490,-,2022-06-06,4,4.00,PM25,Micrograms/Cubic Meter ( ug/m<sup>3</sup> ),0,y,Livermore-793 Rincon Avenue 
3490,-,2022-06-06,5,1.00,PM25,Micrograms/Cubic Meter ( ug/m<sup>3</sup> ),0,y,Livermore-793 Rincon Avenue 
3490,-,2022-06-06,6,3.00,PM25,Micrograms/Cubic Meter ( ug/m<sup>3</sup> ),0,y,Livermore-793 Rincon Avenue 
3490,-,2022-06-06,7,4.00,PM25,Micrograms/Cubic Meter ( ug/m<sup>3</sup> ),0,y,Livermore-793 Rincon Avenue 
3490,-,2022-06-06,8,5.00,PM25,Micrograms/Cubic Meter ( ug/m<sup>3</sup> ),0,y,Livermore-793 Rincon Avenue 
3490,-,2022-06-06,9,6.00,PM25,Micrograms/Cubic Meter ( ug/m<sup>3</sup> ),0,y,Livermore-793 Rincon Avenue 
3490,-,2022-06-06,10,3.00,PM25,Micrograms/Cubic Meter ( ug/m<sup>3</sup> ),0,y,Livermore-793 Rincon Avenue 
3490,-,2022-06-06,11,3.00,PM25,Micrograms/Cubic Meter ( ug/m<sup>3</sup> ),0,y,Livermore-793 Rincon Avenue 
3490,-,2022-06-06,12,9.00,PM25,Micrograms/Cubic Meter ( ug/m<sup>3</sup> ),0,y,Livermore-793 Rincon Avenue 
3490,-,2022-06-06,13,7.00,PM25,Micrograms/Cubic Meter ( ug/m<sup>3</sup> ),0,y,Livermore-793 Rincon Avenue 
3490,-,2022-06-06,14,4.00,PM25,Micrograms/Cubic Meter ( ug/m<sup>3</sup> ),0,y,Livermore-793 Rincon Avenue 
3490,-,2022-06-06,15,5.00,PM25,Micrograms/Cubic Meter ( ug/m<sup>3</sup> ),0,y,Livermore-793 Rincon Avenue 
3490,-,2022-06-06,16,4.00,PM25,Micrograms/Cubic Meter ( ug/m<sup>3</sup> ),0,y,Livermore-793 Rincon Avenue 
3490,-,2022-06-06,17,2.00,PM25,Micrograms/Cubic Meter ( ug/m<sup>3</sup> ),0,y,Livermore-793 Rincon Avenue 
3490,-,2022-06-06,18,5.00,PM25,Micrograms/Cubic Meter ( ug/m<sup>3</sup> ),0,y,Livermore-793 Rincon Avenue 
3490,-,2022-06-06,19,6.00,PM25,Micrograms/Cubic Meter ( ug/m<sup>3</sup> ),0,y,Livermore-793 Rincon Avenue 
3490,-,2022-06-06,20,9.00,PM25,Micrograms/Cubic Meter ( ug/m<sup>3</sup> ),0,y,Livermore-793 Rincon Avenue 
3490,-,2022-06-06,21,6.00,PM25,Micrograms/Cubic Meter ( ug/m<sup>3</sup> ),0,y,Livermore-793 Rincon Avenue 
3490,-,2022-06-06,22,6.00,PM25,Micrograms/Cubic Meter ( ug/m<sup>3</sup> ),0,y,Livermore-793 Rincon Avenue 
3490,-,2022-06-06,23,7.00,PM25,Micrograms/Cubic Meter ( ug/m<sup>3</sup> ),0,y,Livermore-793 Rincon Avenue 
3490,-,2022-06-07,0,7.00,PM25,Micrograms/Cubic Meter ( ug/m<sup>3</sup> ),0,y,Livermore-793 Rincon Avenue 
3490,-,2022-06-07,1,11.00,PM25,Micrograms/Cubic Meter ( ug/m<sup>3</sup> ),0,y,Livermore-793 Rincon Avenue 
3490,-,2022-06-07,2,9.00,PM25,Micrograms/Cubic Meter ( ug/m<sup>3</sup> ),0,y,Livermore-793 Rincon Avenue 
3490,-,2022-06-07,3,10.00,PM25,Micrograms/Cubic Meter ( ug/m<sup>3</sup> ),0,y,Livermore-793 Rincon Avenue 
3490,-,2022-06-07,4,6.00,PM25,Micrograms/Cubic Meter ( ug/m<sup>3</sup> ),0,y,Livermore-793 Rincon Avenue 
3490,-,2022-06-07,5,5.00,PM25,Micrograms/Cubic Meter ( ug/m<sup>3</sup> ),0,y,Livermore-793 Rincon Avenue 
3490,-,2022-06-07,6,6.00,PM25,Micrograms/Cubic Meter ( ug/m<sup>3</sup> ),0,y,Livermore-793 Rincon Avenue 
3490,-,2022-06-07,7,6.00,PM25,Micrograms/Cubic Meter ( ug/m<sup>3</sup> ),0,y,Livermore-793 Rincon Avenue 
3490,-,2022-06-07,8,5.00,PM25,Micrograms/Cubic Meter ( ug/m<sup>3</sup> ),0,y,Livermore-793 Rincon Avenue 
3490,-,2022-06-07,9,8.00,PM25,Micrograms/Cubic Meter ( ug/m<sup>3</sup> ),0,y,Livermore-793 Rincon Avenue 
3490,-,2022-06-07,11,10.00,PM25,Micrograms/Cubic Meter ( ug/m<sup>3</sup> ),0,y,Livermore-793 Rincon Avenue 
3490,-,2022-06-07,12,7.00,PM25,Micrograms/Cubic Meter ( ug/m<sup>3</sup> ),0,y,Livermore-793 Rincon Avenue 
3490,-,2022-06-07,13,8.00,PM25,Micrograms/Cubic Meter ( ug/m<sup>3</sup> ),0,y,Livermore-793 Rincon Avenue 
3490,-,2022-06-07,14,6.00,PM25,Micrograms/Cubic Meter ( ug/m<sup>3</sup> ),0,y,Livermore-793 Rincon Avenue 
3490,-,2022-06-07,15,5.00,PM25,Micrograms/Cubic Meter ( ug/m<sup>3</sup> ),0,y,Livermore-793 Rincon Avenue 
3490,-,2022-06-07,16,8.00,PM25,Micrograms/Cubic Meter ( ug/m<sup>3</sup> ),0,y,Livermore-793 Rincon Avenue 
3490,-,2022-06-07,17,9.00,PM25,Micrograms/Cubic Meter ( ug/m<sup>3</sup> ),0,y,Livermore-793 Rincon Avenue 
3490,-,2022-06-07,18,6.00,PM25,Micrograms/Cubic Meter ( ug/m<sup>3</sup> ),0,y,Livermore-793 Rincon Avenue 
3490,-,2022-06-07,19,3.00,PM25,Micrograms/Cubic Meter ( ug/m<sup>3</sup> ),0,y,Livermore-793 Rincon Avenue 
3490,-,2022-06-07,20,3.00,PM25,Micrograms/Cubic Meter ( ug/m<sup>3</sup> ),0,y,Livermore-793 Rincon Avenue 
3490,-,2022-06-07,21,6.00,PM25,Micrograms/Cubic Meter ( ug/m<sup>3</sup> ),0,y,Livermore-793 Rincon Avenue 
3490,-,2022-06-07,22,7.00,PM25,Micrograms/Cubic Meter ( ug/m<sup>3</sup> ),0,y,Livermore-793 Rincon Avenue 
3490,-,2022-06-07,23,4.00,PM25,Micrograms/Cubic Meter ( ug/m<sup>3</sup> ),0,y,Livermore-793 Rincon Avenue 
3490,-,2022-06-08,0,3.00,PM25,Micrograms/Cubic Meter ( ug/m<sup>3</sup> ),0,y,Livermore-793 Rincon Avenue 
3490,-,2022-06-08,1,4.00,PM25,Micrograms/Cubic Meter ( ug/m<sup>3</sup> ),0,y,Livermore-793 Rincon Avenue 
3490,-,2022-06-08,2,4.00,PM25,Micrograms/Cubic Meter ( ug/m<sup>3</sup> ),0,y,Livermore-793 Rincon Avenue 
3490,-,2022-06-08,3,5.00,PM25,Micrograms/Cubic Meter ( ug/m<sup>3</sup> ),0,y,Livermore-793 Rincon Avenue 
3490,-,2022-06-08,4,6.00,PM25,Micrograms/Cubic Meter ( ug/m<sup>3</sup> ),0,y,Livermore-793 Rincon Avenue 
3490,-,2022-06-08,5,3.00,PM25,Micrograms/Cubic Meter ( ug/m<sup>3</sup> ),0,y,Livermore-793 Rincon Avenue 
3490,-,2022-06-08,6,2.00,PM25,Micrograms/Cubic Meter ( ug/m<sup>3</sup> ),0,y,Livermore-793 Rincon Avenue 
3490,-,2022-06-08,7,4.00,PM25,Micrograms/Cubic Meter ( ug/m<sup>3</sup> ),0,y,Livermore-793 Rincon Avenue 
3490,-,2022-06-08,8,3.00,PM25,Micrograms/Cubic Meter ( ug/m<sup>3</sup> ),0,y,Livermore-793 Rincon Avenue 
3490,-,2022-06-08,9,3.00,PM25,Micrograms/Cubic Meter ( ug/m<sup>3</sup> ),0,y,Livermore-793 Rincon Avenue 
3490,-,2022-06-08,10,4.00,PM25,Micrograms/Cubic Meter ( ug/m<sup>3</sup> ),0,y,Livermore-793 Rincon Avenue 
3490,-,2022-06-08,11,3.00,PM25,Micrograms/Cubic Meter ( ug/m<sup>3</sup> ),0,y,Livermore-793 Rincon Avenue 
3490,-,2022-06-08,12,3.00,PM25,Micrograms/Cubic Meter ( ug/m<sup>3</sup> ),0,y,Livermore-793 Rincon Avenue 
3490,-,2022-06-08,13,2.00,PM25,Micrograms/Cubic Meter ( ug/m<sup>3</sup> ),0,y,Livermore-793 Rincon Avenue 
3490,-,2022-06-08,14,1.00,PM25,Micrograms/Cubic Meter ( ug/m<sup>3</sup> ),0,y,Livermore-793 Rincon Avenue 
3490,-,2022-06-08,15,3.00,PM25,Micrograms/Cubic Meter ( ug/m<sup>3</sup> ),0,y,Livermore-793 Rincon Avenue 
3490,-,2022-06-08,16,4.00,PM25,Micrograms/Cubic Meter ( ug/m<sup>3</sup> ),0,y,Livermore-793 Rincon Avenue 
3490,-,2022-06-08,17,4.00,PM25,Micrograms/Cubic Meter ( ug/m<sup>3</sup> ),0,y,Livermore-793 Rincon Avenue 
3490,-,2022-06-08,18,4.00,PM25,Micrograms/Cubic Meter ( ug/m<sup>3</sup> ),0,y,Livermore-793 Rincon Avenue 
3490,-,2022-06-08,19,3.00,PM25,Micrograms/Cubic Meter ( ug/m<sup>3</sup> ),0,y,Livermore-793 Rincon Avenue 
3490,-,2022-06-08,20,3.00,PM25,Micrograms/Cubic Meter ( ug/m<sup>3</sup> ),0,y,Livermore-793 Rincon Avenue 
3490,-,2022-06-08,21,5.00,PM25,Micrograms/Cubic Meter ( ug/m<sup>3</sup> ),0,y,Livermore-793 Rincon Avenue 
3490,-,2022-06-08,22,4.00,PM25,Micrograms/Cubic Meter ( ug/m<sup>3</sup> ),0,y,Livermore-793 Rincon Avenue 
3490,-,2022-06-08,23,4.00,PM25,Micrograms/Cubic Meter ( ug/m<sup>3</sup> ),0,y,Livermore-793 Rincon Avenue 
3490,-,2022-06-09,0,5.00,PM25,Micrograms/Cubic Meter ( ug/m<sup>3</sup> ),0,y,Livermore-793 Rincon Avenue 
3490,-,2022-06-09,1,3.00,PM25,Micrograms/Cubic Meter ( ug/m<sup>3</sup> ),0,y,Livermore-793 Rincon Avenue 
3490,-,2022-06-09,2,7.00,PM25,Micrograms/Cubic Meter ( ug/m<sup>3</sup> ),0,y,Livermore-793 Rincon Avenue 
3490,-,2022-06-09,3,6.00,PM25,Micrograms/Cubic Meter ( ug/m<sup>3</sup> ),0,y,Livermore-793 Rincon Avenue 
3490,-,2022-06-09,4,8.00,PM25,Micrograms/Cubic Meter ( ug/m<sup>3</sup> ),0,y,Livermore-793 Rincon Avenue 
3490,-,2022-06-09,5,8.00,PM25,Micrograms/Cubic Meter ( ug/m<sup>3</sup> ),0,y,Livermore-793 Rincon Avenue 
3490,-,2022-06-09,6,10.00,PM25,Micrograms/Cubic Meter ( ug/m<sup>3</sup> ),0,y,Livermore-793 Rincon Avenue 
3490,-,2022-06-09,7,9.00,PM25,Micrograms/Cubic Meter ( ug/m<sup>3</sup> ),0,y,Livermore-793 Rincon Avenue 
3490,-,2022-06-09,8,9.00,PM25,Micrograms/Cubic Meter ( ug/m<sup>3</sup> ),0,y,Livermore-793 Rincon Avenue 
3490,-,2022-06-09,9,8.00,PM25,Micrograms/Cubic Meter ( ug/m<sup>3</sup> ),0,y,Livermore-793 Rincon Avenue 
3490,-,2022-06-09,10,5.00,PM25,Micrograms/Cubic Meter ( ug/m<sup>3</sup> ),0,y,Livermore-793 Rincon Avenue 
3490,-,2022-06-09,11,3.00,PM25,Micrograms/Cubic Meter ( ug/m<sup>3</sup> ),0,y,Livermore-793 Rincon Avenue 
3490,-,2022-06-09,12,9.00,PM25,Micrograms/Cubic Meter ( ug/m<sup>3</sup> ),0,y,Livermore-793 Rincon Avenue 
3490,-,2022-06-09,13,7.00,PM25,Micrograms/Cubic Meter ( ug/m<sup>3</sup> ),0,y,Livermore-793 Rincon Avenue 
3490,-,2022-06-09,14,5.00,PM25,Micrograms/Cubic Meter ( ug/m<sup>3</sup> ),0,y,Livermore-793 Rincon Avenue 
3490,-,2022-06-09,15,3.00,PM25,Micrograms/Cubic Meter ( ug/m<sup>3</sup> ),0,y,Livermore-793 Rincon Avenue 
3490,-,2022-06-09,16,1.00,PM25,Micrograms/Cubic Meter ( ug/m<sup>3</sup> ),0,y,Livermore-793 Rincon Avenue 
3490,-,2022-06-09,17,2.00,PM25,Micrograms/Cubic Meter ( ug/m<sup>3</sup> ),0,y,Livermore-793 Rincon Avenue 
3490,-,2022-06-09,18,4.00,PM25,Micrograms/Cubic Meter ( ug/m<sup>3</sup> ),0,y,Livermore-793 Rincon Avenue 
3490,-,2022-06-09,19,8.00,PM25,Micrograms/Cubic Meter ( ug/m<sup>3</sup> ),0,y,Livermore-793 Rincon Avenue 
3490,-,2022-06-09,20,8.00,PM25,Micrograms/Cubic Meter ( ug/m<sup>3</sup> ),0,y,Livermore-793 Rincon Avenue 
3490,-,2022-06-09,21,7.00,PM25,Micrograms/Cubic Meter ( ug/m<sup>3</sup> ),0,y,Livermore-793 Rincon Avenue 
3490,-,2022-06-09,22,9.00,PM25,Micrograms/Cubic Meter ( ug/m<sup>3</sup> ),0,y,Livermore-793 Rincon Avenue 
3490,-,2022-06-09,23,11.00,PM25,Micrograms/Cubic Meter ( ug/m<sup>3</sup> ),0,y,Livermore-793 Rincon Avenue 
3490,-,2022-06-10,0,10.00,PM25,Micrograms/Cubic Meter ( ug/m<sup>3</sup> ),0,y,Livermore-793 Rincon Avenue 
3490,-,2022-06-10,1,7.00,PM25,Micrograms/Cubic Meter ( ug/m<sup>3</sup> ),0,y,Livermore-793 Rincon Avenue 
3490,-,2022-06-10,2,5.00,PM25,Micrograms/Cubic Meter ( ug/m<sup>3</sup> ),0,y,Livermore-793 Rincon Avenue 
3490,-,2022-06-10,3,8.00,PM25,Micrograms/Cubic Meter ( ug/m<sup>3</sup> ),0,y,Livermore-793 Rincon Avenue 
3490,-,2022-06-10,4,5.00,PM25,Micrograms/Cubic Meter ( ug/m<sup>3</sup> ),0,y,Livermore-793 Rincon Avenue 
3490,-,2022-06-10,5,7.00,PM25,Micrograms/Cubic Meter ( ug/m<sup>3</sup> ),0,y,Livermore-793 Rincon Avenue 
3490,-,2022-06-10,6,6.00,PM25,Micrograms/Cubic Meter ( ug/m<sup>3</sup> ),0,y,Livermore-793 Rincon Avenue 
3490,-,2022-06-10,7,7.00,PM25,Micrograms/Cubic Meter ( ug/m<sup>3</sup> ),0,y,Livermore-793 Rincon Avenue 
3490,-,2022-06-10,8,6.00,PM25,Micrograms/Cubic Meter ( ug/m<sup>3</sup> ),0,y,Livermore-793 Rincon Avenue 
3490,-,2022-06-10,9,3.00,PM25,Micrograms/Cubic Meter ( ug/m<sup>3</sup> ),0,y,Livermore-793 Rincon Avenue 
3490,-,2022-06-10,10,3.00,PM25,Micrograms/Cubic Meter ( ug/m<sup>3</sup> ),0,y,Livermore-793 Rincon Avenue 
3490,-,2022-06-10,11,3.00,PM25,Micrograms/Cubic Meter ( ug/m<sup>3</sup> ),0,y,Livermore-793 Rincon Avenue 
3490,-,2022-06-10,12,2.00,PM25,Micrograms/Cubic Meter ( ug/m<sup>3</sup> ),0,y,Livermore-793 Rincon Avenue 
3490,-,2022-06-10,13,3.00,PM25,Micrograms/Cubic Meter ( ug/m<sup>3</sup> ),0,y,Livermore-793 Rincon Avenue 
3490,-,2022-06-10,14,7.00,PM25,Micrograms/Cubic Meter ( ug/m<sup>3</sup> ),0,y,Livermore-793 Rincon Avenue 
3490,-,2022-06-10,15,4.00,PM25,Micrograms/Cubic Meter ( ug/m<sup>3</sup> ),0,y,Livermore-793 Rincon Avenue 
3490,-,2022-06-10,16,2.00,PM25,Micrograms/Cubic Meter ( ug/m<sup>3</sup> ),0,y,Livermore-793 Rincon Avenue 
3490,-,2022-06-10,17,1.00,PM25,Micrograms/Cubic Meter ( ug/m<sup>3</sup> ),0,y,Livermore-793 Rincon Avenue 
3490,-,2022-06-10,18,7.00,PM25,Micrograms/Cubic Meter ( ug/m<sup>3</sup> ),0,y,Livermore-793 Rincon Avenue 
3490,-,2022-06-10,19,8.00,PM25,Micrograms/Cubic Meter ( ug/m<sup>3</sup> ),0,y,Livermore-793 Rincon Avenue 
3490,-,2022-06-10,20,9.00,PM25,Micrograms/Cubic Meter ( ug/m<sup>3</sup> ),0,y,Livermore-793 Rincon Avenue 
3490,-,2022-06-10,21,5.00,PM25,Micrograms/Cubic Meter ( ug/m<sup>3</sup> ),0,y,Livermore-793 Rincon Avenue 
3490,-,2022-06-10,22,3.00,PM25,Micrograms/Cubic Meter ( ug/m<sup>3</sup> ),0,y,Livermore-793 Rincon Avenue 
3490,-,2022-06-10,23,1.00,PM25,Micrograms/Cubic Meter ( ug/m<sup>3</sup> ),0,y,Livermore-793 Rincon Avenue 
3490,-,2022-06-11,0,2.00,PM25,Micrograms/Cubic Meter ( ug/m<sup>3</sup> ),0,y,Livermore-793 Rincon Avenue 
3490,-,2022-06-11,1,4.00,PM25,Micrograms/Cubic Meter ( ug/m<sup>3</sup> ),0,y,Livermore-793 Rincon Avenue 
3490,-,2022-06-11,2,2.00,PM25,Micrograms/Cubic Meter ( ug/m<sup>3</sup> ),0,y,Livermore-793 Rincon Avenue 
3490,-,2022-06-11,3,1.00,PM25,Micrograms/Cubic Meter ( ug/m<sup>3</sup> ),0,y,Livermore-793 Rincon Avenue 
3490,-,2022-06-11,4,3.00,PM25,Micrograms/Cubic Meter ( ug/m<sup>3</sup> ),0,y,Livermore-793 Rincon Avenue 
3490,-,2022-06-11,5,4.00,PM25,Micrograms/Cubic Meter ( ug/m<sup>3</sup> ),0,y,Livermore-793 Rincon Avenue 
3490,-,2022-06-11,6,4.00,PM25,Micrograms/Cubic Meter ( ug/m<sup>3</sup> ),0,y,Livermore-793 Rincon Avenue 
3490,-,2022-06-11,7,5.00,PM25,Micrograms/Cubic Meter ( ug/m<sup>3</sup> ),0,y,Livermore-793 Rincon Avenue 
3490,-,2022-06-11,8,3.00,PM25,Micrograms/Cubic Meter ( ug/m<sup>3</sup> ),0,y,Livermore-793 Rincon Avenue 
3490,-,2022-06-11,9,1.00,PM25,Micrograms/Cubic Meter ( ug/m<sup>3</sup> ),0,y,Livermore-793 Rincon Avenue 
3490,-,2022-06-11,10,0.00,PM25,Micrograms/Cubic Meter ( ug/m<sup>3</sup> ),0,y,Livermore-793 Rincon Avenue 
3490,-,2022-06-11,11,1.00,PM25,Micrograms/Cubic Meter ( ug/m<sup>3</sup> ),0,y,Livermore-793 Rincon Avenue 
3490,-,2022-06-11,12,3.00,PM25,Micrograms/Cubic Meter ( ug/m<sup>3</sup> ),0,y,Livermore-793 Rincon Avenue 
3490,-,2022-06-11,13,3.00,PM25,Micrograms/Cubic Meter ( ug/m<sup>3</sup> ),0,y,Livermore-793 Rincon Avenue 
3490,-,2022-06-11,14,3.00,PM25,Micrograms/Cubic Meter ( ug/m<sup>3</sup> ),0,y,Livermore-793 Rincon Avenue 
3490,-,2022-06-11,15,2.00,PM25,Micrograms/Cubic Meter ( ug/m<sup>3</sup> ),0,y,Livermore-793 Rincon Avenue 
3490,-,2022-06-11,16,0.00,PM25,Micrograms/Cubic Meter ( ug/m<sup>3</sup> ),0,y,Livermore-793 Rincon Avenue 
3490,-,2022-06-11,17,1.00,PM25,Micrograms/Cubic Meter ( ug/m<sup>3</sup> ),0,y,Livermore-793 Rincon Avenue 
3490,-,2022-06-11,18,1.00,PM25,Micrograms/Cubic Meter ( ug/m<sup>3</sup> ),0,y,Livermore-793 Rincon Avenue 
3490,-,2022-06-11,19,0.00,PM25,Micrograms/Cubic Meter ( ug/m<sup>3</sup> ),0,y,Livermore-793 Rincon Avenue 
3490,-,2022-06-11,20,1.00,PM25,Micrograms/Cubic Meter ( ug/m<sup>3</sup> ),0,y,Livermore-793 Rincon Avenue 
3490,-,2022-06-11,21,5.00,PM25,Micrograms/Cubic Meter ( ug/m<sup>3</sup> ),0,y,Livermore-793 Rincon Avenue 
3490,-,2022-06-11,22,3.00,PM25,Micrograms/Cubic Meter ( ug/m<sup>3</sup> ),0,y,Livermore-793 Rincon Avenue 
3490,-,2022-06-11,23,0.00,PM25,Micrograms/Cubic Meter ( ug/m<sup>3</sup> ),0,y,Livermore-793 Rincon Avenue 
3490,-,2022-06-12,0,1.00,PM25,Micrograms/Cubic Meter ( ug/m<sup>3</sup> ),0,y,Livermore-793 Rincon Avenue 
3490,-,2022-06-12,1,3.00,PM25,Micrograms/Cubic Meter ( ug/m<sup>3</sup> ),0,y,Livermore-793 Rincon Avenue 
3490,-,2022-06-12,2,3.00,PM25,Micrograms/Cubic Meter ( ug/m<sup>3</sup> ),0,y,Livermore-793 Rincon Avenue 
3490,-,2022-06-12,3,3.00,PM25,Micrograms/Cubic Meter ( ug/m<sup>3</sup> ),0,y,Livermore-793 Rincon Avenue 
3490,-,2022-06-12,4,2.00,PM25,Micrograms/Cubic Meter ( ug/m<sup>3</sup> ),0,y,Livermore-793 Rincon Avenue 
3490,-,2022-06-12,5,2.00,PM25,Micrograms/Cubic Meter ( ug/m<sup>3</sup> ),0,y,Livermore-793 Rincon Avenue 
3490,-,2022-06-12,6,2.00,PM25,Micrograms/Cubic Meter ( ug/m<sup>3</sup> ),0,y,Livermore-793 Rincon Avenue 
3490,-,2022-06-12,7,4.00,PM25,Micrograms/Cubic Meter ( ug/m<sup>3</sup> ),0,y,Livermore-793 Rincon Avenue 
3490,-,2022-06-12,8,4.00,PM25,Micrograms/Cubic Meter ( ug/m<sup>3</sup> ),0,y,Livermore-793 Rincon Avenue 
3490,-,2022-06-12,9,0.00,PM25,Micrograms/Cubic Meter ( ug/m<sup>3</sup> ),0,y,Livermore-793 Rincon Avenue 
3490,-,2022-06-12,10,1.00,PM25,Micrograms/Cubic Meter ( ug/m<sup>3</sup> ),0,y,Livermore-793 Rincon Avenue 
3490,-,2022-06-12,11,7.00,PM25,Micrograms/Cubic Meter ( ug/m<sup>3</sup> ),0,y,Livermore-793 Rincon Avenue 
3490,-,2022-06-12,12,4.00,PM25,Micrograms/Cubic Meter ( ug/m<sup>3</sup> ),0,y,Livermore-793 Rincon Avenue 
3490,-,2022-06-12,13,2.00,PM25,Micrograms/Cubic Meter ( ug/m<sup>3</sup> ),0,y,Livermore-793 Rincon Avenue 
3490,-,2022-06-12,14,3.00,PM25,Micrograms/Cubic Meter ( ug/m<sup>3</sup> ),0,y,Livermore-793 Rincon Avenue 
3490,-,2022-06-12,15,2.00,PM25,Micrograms/Cubic Meter ( ug/m<sup>3</sup> ),0,y,Livermore-793 Rincon Avenue 
3490,-,2022-06-12,16,1.00,PM25,Micrograms/Cubic Meter ( ug/m<sup>3</sup> ),0,y,Livermore-793 Rincon Avenue 
3490,-,2022-06-12,17,1.00,PM25,Micrograms/Cubic Meter ( ug/m<sup>3</sup> ),0,y,Livermore-793 Rincon Avenue 
3490,-,2022-06-12,18,3.00,PM25,Micrograms/Cubic Meter ( ug/m<sup>3</sup> ),0,y,Livermore-793 Rincon Avenue 
3490,-,2022-06-12,19,6.00,PM25,Micrograms/Cubic Meter ( ug/m<sup>3</sup> ),0,y,Livermore-793 Rincon Avenue 
3490,-,2022-06-12,20,4.00,PM25,Micrograms/Cubic Meter ( ug/m<sup>3</sup> ),0,y,Livermore-793 Rincon Avenue 
3490,-,2022-06-12,21,3.00,PM25,Micrograms/Cubic Meter ( ug/m<sup>3</sup> ),0,y,Livermore-793 Rincon Avenue 
3490,-,2022-06-12,22,6.00,PM25,Micrograms/Cubic Meter ( ug/m<sup>3</sup> ),0,y,Livermore-793 Rincon Avenue 
3490,-,2022-06-12,23,6.00,PM25,Micrograms/Cubic Meter ( ug/m<sup>3</sup> ),0,y,Livermore-793 Rincon Avenue 
3490,-,2022-06-13,0,6.00,PM25,Micrograms/Cubic Meter ( ug/m<sup>3</sup> ),0,y,Livermore-793 Rincon Avenue 
3490,-,2022-06-13,1,6.00,PM25,Micrograms/Cubic Meter ( ug/m<sup>3</sup> ),0,y,Livermore-793 Rincon Avenue 
3490,-,2022-06-13,2,8.00,PM25,Micrograms/Cubic Meter ( ug/m<sup>3</sup> ),0,y,Livermore-793 Rincon Avenue 
3490,-,2022-06-13,3,5.00,PM25,Micrograms/Cubic Meter ( ug/m<sup>3</sup> ),0,y,Livermore-793 Rincon Avenue 
3490,-,2022-06-13,4,3.00,PM25,Micrograms/Cubic Meter ( ug/m<sup>3</sup> ),0,y,Livermore-793 Rincon Avenue 
3490,-,2022-06-13,5,3.00,PM25,Micrograms/Cubic Meter ( ug/m<sup>3</sup> ),0,y,Livermore-793 Rincon Avenue 
3490,-,2022-06-13,6,4.00,PM25,Micrograms/Cubic Meter ( ug/m<sup>3</sup> ),0,y,Livermore-793 Rincon Avenue 
3490,-,2022-06-13,7,6.00,PM25,Micrograms/Cubic Meter ( ug/m<sup>3</sup> ),0,y,Livermore-793 Rincon Avenue 
3490,-,2022-06-13,8,4.00,PM25,Micrograms/Cubic Meter ( ug/m<sup>3</sup> ),0,y,Livermore-793 Rincon Avenue 
3490,-,2022-06-13,9,3.00,PM25,Micrograms/Cubic Meter ( ug/m<sup>3</sup> ),0,y,Livermore-793 Rincon Avenue 
3490,-,2022-06-13,10,2.00,PM25,Micrograms/Cubic Meter ( ug/m<sup>3</sup> ),0,y,Livermore-793 Rincon Avenue 
3490,-,2022-06-13,11,-1.00,PM25,Micrograms/Cubic Meter ( ug/m<sup>3</sup> ),0,y,Livermore-793 Rincon Avenue 
3490,-,2022-06-13,12,4.00,PM25,Micrograms/Cubic Meter ( ug/m<sup>3</sup> ),0,y,Livermore-793 Rincon Avenue 
3490,-,2022-06-13,14,6.00,PM25,Micrograms/Cubic Meter ( ug/m<sup>3</sup> ),0,y,Livermore-793 Rincon Avenue 
3490,-,2022-06-13,15,5.00,PM25,Micrograms/Cubic Meter ( ug/m<sup>3</sup> ),0,y,Livermore-793 Rincon Avenue 
3490,-,2022-06-13,16,5.00,PM25,Micrograms/Cubic Meter ( ug/m<sup>3</sup> ),0,y,Livermore-793 Rincon Avenue 
3490,-,2022-06-13,17,7.00,PM25,Micrograms/Cubic Meter ( ug/m<sup>3</sup> ),0,y,Livermore-793 Rincon Avenue 
3490,-,2022-06-13,18,6.00,PM25,Micrograms/Cubic Meter ( ug/m<sup>3</sup> ),0,y,Livermore-793 Rincon Avenue 
3490,-,2022-06-13,19,6.00,PM25,Micrograms/Cubic Meter ( ug/m<sup>3</sup> ),0,y,Livermore-793 Rincon Avenue 
3490,-,2022-06-13,20,8.00,PM25,Micrograms/Cubic Meter ( ug/m<sup>3</sup> ),0,y,Livermore-793 Rincon Avenue 
3490,-,2022-06-13,21,10.00,PM25,Micrograms/Cubic Meter ( ug/m<sup>3</sup> ),0,y,Livermore-793 Rincon Avenue 
3490,-,2022-06-13,22,11.00,PM25,Micrograms/Cubic Meter ( ug/m<sup>3</sup> ),0,y,Livermore-793 Rincon Avenue 
3490,-,2022-06-13,23,9.00,PM25,Micrograms/Cubic Meter ( ug/m<sup>3</sup> ),0,y,Livermore-793 Rincon Avenue 
3490,-,2022-06-14,0,7.00,PM25,Micrograms/Cubic Meter ( ug/m<sup>3</sup> ),0,y,Livermore-793 Rincon Avenue 
3490,-,2022-06-14,1,12.00,PM25,Micrograms/Cubic Meter ( ug/m<sup>3</sup> ),0,y,Livermore-793 Rincon Avenue 
3490,-,2022-06-14,2,9.00,PM25,Micrograms/Cubic Meter ( ug/m<sup>3</sup> ),0,y,Livermore-793 Rincon Avenue 
3490,-,2022-06-14,3,8.00,PM25,Micrograms/Cubic Meter ( ug/m<sup>3</sup> ),0,y,Livermore-793 Rincon Avenue 
3490,-,2022-06-14,4,8.00,PM25,Micrograms/Cubic Meter ( ug/m<sup>3</sup> ),0,y,Livermore-793 Rincon Avenue 
3490,-,2022-06-14,5,6.00,PM25,Micrograms/Cubic Meter ( ug/m<sup>3</sup> ),0,y,Livermore-793 Rincon Avenue 
3490,-,2022-06-14,6,7.00,PM25,Micrograms/Cubic Meter ( ug/m<sup>3</sup> ),0,y,Livermore-793 Rincon Avenue 
3490,-,2022-06-14,7,8.00,PM25,Micrograms/Cubic Meter ( ug/m<sup>3</sup> ),0,y,Livermore-793 Rincon Avenue 
3490,-,2022-06-14,8,10.00,PM25,Micrograms/Cubic Meter ( ug/m<sup>3</sup> ),0,y,Livermore-793 Rincon Avenue 
3490,-,2022-06-14,9,6.00,PM25,Micrograms/Cubic Meter ( ug/m<sup>3</sup> ),0,y,Livermore-793 Rincon Avenue 
3490,-,2022-06-14,10,6.00,PM25,Micrograms/Cubic Meter ( ug/m<sup>3</sup> ),0,y,Livermore-793 Rincon Avenue 
3490,-,2022-06-14,11,6.00,PM25,Micrograms/Cubic Meter ( ug/m<sup>3</sup> ),0,y,Livermore-793 Rincon Avenue 
3490,-,2022-06-14,12,4.00,PM25,Micrograms/Cubic Meter ( ug/m<sup>3</sup> ),0,y,Livermore-793 Rincon Avenue 
3490,-,2022-06-14,13,5.00,PM25,Micrograms/Cubic Meter ( ug/m<sup>3</sup> ),0,y,Livermore-793 Rincon Avenue 
3490,-,2022-06-14,14,7.00,PM25,Micrograms/Cubic Meter ( ug/m<sup>3</sup> ),0,y,Livermore-793 Rincon Avenue 
3490,-,2022-06-14,15,9.00,PM25,Micrograms/Cubic Meter ( ug/m<sup>3</sup> ),0,y,Livermore-793 Rincon Avenue 
3490,-,2022-06-14,16,10.00,PM25,Micrograms/Cubic Meter ( ug/m<sup>3</sup> ),0,y,Livermore-793 Rincon Avenue 
3490,-,2022-06-14,17,8.00,PM25,Micrograms/Cubic Meter ( ug/m<sup>3</sup> ),0,y,Livermore-793 Rincon Avenue 
3490,-,2022-06-14,18,11.00,PM25,Micrograms/Cubic Meter ( ug/m<sup>3</sup> ),0,y,Livermore-793 Rincon Avenue 
3490,-,2022-06-14,19,14.00,PM25,Micrograms/Cubic Meter ( ug/m<sup>3</sup> ),0,y,Livermore-793 Rincon Avenue 
3490,-,2022-06-14,20,11.00,PM25,Micrograms/Cubic Meter ( ug/m<sup>3</sup> ),0,y,Livermore-793 Rincon Avenue 
3490,-,2022-06-14,21,13.00,PM25,Micrograms/Cubic Meter ( ug/m<sup>3</sup> ),0,y,Livermore-793 Rincon Avenue 
3490,-,2022-06-14,22,10.00,PM25,Micrograms/Cubic Meter ( ug/m<sup>3</sup> ),0,y,Livermore-793 Rincon Avenue 
3490,-,2022-06-14,23,14.00,PM25,Micrograms/Cubic Meter ( ug/m<sup>3</sup> ),0,y,Livermore-793 Rincon Avenue 
3490,-,2022-06-15,0,11.00,PM25,Micrograms/Cubic Meter ( ug/m<sup>3</sup> ),0,y,Livermore-793 Rincon Avenue 
3490,-,2022-06-15,1,12.00,PM25,Micrograms/Cubic Meter ( ug/m<sup>3</sup> ),0,y,Livermore-793 Rincon Avenue 
3490,-,2022-06-15,2,13.00,PM25,Micrograms/Cubic Meter ( ug/m<sup>3</sup> ),0,y,Livermore-793 Rincon Avenue 
3490,-,2022-06-15,3,12.00,PM25,Micrograms/Cubic Meter ( ug/m<sup>3</sup> ),0,y,Livermore-793 Rincon Avenue 
3490,-,2022-06-15,4,9.00,PM25,Micrograms/Cubic Meter ( ug/m<sup>3</sup> ),0,y,Livermore-793 Rincon Avenue 
3490,-,2022-06-15,5,12.00,PM25,Micrograms/Cubic Meter ( ug/m<sup>3</sup> ),0,y,Livermore-793 Rincon Avenue 
3490,-,2022-06-15,6,13.00,PM25,Micrograms/Cubic Meter ( ug/m<sup>3</sup> ),0,y,Livermore-793 Rincon Avenue 
3490,-,2022-06-15,7,11.00,PM25,Micrograms/Cubic Meter ( ug/m<sup>3</sup> ),0,y,Livermore-793 Rincon Avenue 
3490,-,2022-06-15,8,11.00,PM25,Micrograms/Cubic Meter ( ug/m<sup>3</sup> ),0,y,Livermore-793 Rincon Avenue 
3490,-,2022-06-15,9,14.00,PM25,Micrograms/Cubic Meter ( ug/m<sup>3</sup> ),0,y,Livermore-793 Rincon Avenue 
3490,-,2022-06-15,10,10.00,PM25,Micrograms/Cubic Meter ( ug/m<sup>3</sup> ),0,y,Livermore-793 Rincon Avenue 
3490,-,2022-06-15,11,14.00,PM25,Micrograms/Cubic Meter ( ug/m<sup>3</sup> ),0,y,Livermore-793 Rincon Avenue 
3490,-,2022-06-15,12,11.00,PM25,Micrograms/Cubic Meter ( ug/m<sup>3</sup> ),0,y,Livermore-793 Rincon Avenue 
3490,-,2022-06-15,13,8.00,PM25,Micrograms/Cubic Meter ( ug/m<sup>3</sup> ),0,y,Livermore-793 Rincon Avenue 
3490,-,2022-06-15,14,8.00,PM25,Micrograms/Cubic Meter ( ug/m<sup>3</sup> ),0,y,Livermore-793 Rincon Avenue 
3490,-,2022-06-15,15,8.00,PM25,Micrograms/Cubic Meter ( ug/m<sup>3</sup> ),0,y,Livermore-793 Rincon Avenue 
3490,-,2022-06-15,16,8.00,PM25,Micrograms/Cubic Meter ( ug/m<sup>3</sup> ),0,y,Livermore-793 Rincon Avenue 
3490,-,2022-06-15,17,9.00,PM25,Micrograms/Cubic Meter ( ug/m<sup>3</sup> ),0,y,Livermore-793 Rincon Avenue 
3490,-,2022-06-15,18,12.00,PM25,Micrograms/Cubic Meter ( ug/m<sup>3</sup> ),0,y,Livermore-793 Rincon Avenue
 
 Quality Flag Definition 
0, Valid observation 
1, The data supplier marked the observation as suspect - but it is still valid 
2, The automated qa routine judged the observation questionable and invalid 
3, The automated qa routine judged the observation invalid  
4, The data supplier flagged the observation invalid  
5, The observation was flagged invalid manually  

Data extracted from mrgd database: 
June 15, 2022 at 21:17:44
  
