site,date,start_hour,value,variable,units,quality,prelim,name,latitude,longitude,obs_type,monitoring_id,flag 
3849,2022-01-01,0,4.00,PMBAM,Micrograms/Cubic Meter ( ug/m<sup>3</sup> ),0,y,SLO-Roberto,35.259501999999998,-120.64472000000001,H,, 
3849,2022-01-01,1,3.00,PMBAM,Micrograms/Cubic Meter ( ug/m<sup>3</sup> ),0,y,SLO-Roberto,35.259501999999998,-120.64472000000001,H,, 
3849,2022-01-01,2,4.00,PMBAM,Micrograms/Cubic Meter ( ug/m<sup>3</sup> ),0,y,SLO-Roberto,35.259501999999998,-120.64472000000001,H,, 
3849,2022-01-01,3,5.00,PMBAM,Micrograms/Cubic Meter ( ug/m<sup>3</sup> ),0,y,SLO-Roberto,35.259501999999998,-120.64472000000001,H,, 
3849,2022-01-01,4,3.00,PMBAM,Micrograms/Cubic Meter ( ug/m<sup>3</sup> ),0,y,SLO-Roberto,35.259501999999998,-120.64472000000001,H,, 
3849,2022-01-01,5,7.00,PMBAM,Micrograms/Cubic Meter ( ug/m<sup>3</sup> ),0,y,SLO-Roberto,35.259501999999998,-120.64472000000001,H,, 
3849,2022-01-01,6,7.00,PMBAM,Micrograms/Cubic Meter ( ug/m<sup>3</sup> ),0,y,SLO-Roberto,35.259501999999998,-120.64472000000001,H,, 
3849,2022-01-01,7,7.00,PMBAM,Micrograms/Cubic Meter ( ug/m<sup>3</sup> ),0,y,SLO-Roberto,35.259501999999998,-120.64472000000001,H,, 
3849,2022-01-01,8,4.00,PMBAM,Micrograms/Cubic Meter ( ug/m<sup>3</sup> ),0,y,SLO-Roberto,35.259501999999998,-120.64472000000001,H,, 
3849,2022-01-01,9,5.00,PMBAM,Micrograms/Cubic Meter ( ug/m<sup>3</sup> ),0,y,SLO-Roberto,35.259501999999998,-120.64472000000001,H,, 
3849,2022-01-01,10,3.00,PMBAM,Micrograms/Cubic Meter ( ug/m<sup>3</sup> ),0,y,SLO-Roberto,35.259501999999998,-120.64472000000001,H,, 
3849,2022-01-01,11,2.00,PMBAM,Micrograms/Cubic Meter ( ug/m<sup>3</sup> ),0,y,SLO-Roberto,35.259501999999998,-120.64472000000001,H,, 
3849,2022-01-01,12,1.00,PMBAM,Micrograms/Cubic Meter ( ug/m<sup>3</sup> ),0,y,SLO-Roberto,35.259501999999998,-120.64472000000001,H,, 
3849,2022-01-01,13,3.00,PMBAM,Micrograms/Cubic Meter ( ug/m<sup>3</sup> ),0,y,SLO-Roberto,35.259501999999998,-120.64472000000001,H,, 
3849,2022-01-01,14,1.00,PMBAM,Micrograms/Cubic Meter ( ug/m<sup>3</sup> ),0,y,SLO-Roberto,35.259501999999998,-120.64472000000001,H,, 
3849,2022-01-01,15,4.00,PMBAM,Micrograms/Cubic Meter ( ug/m<sup>3</sup> ),0,y,SLO-Roberto,35.259501999999998,-120.64472000000001,H,, 
3849,2022-01-01,16,6.00,PMBAM,Micrograms/Cubic Meter ( ug/m<sup>3</sup> ),0,y,SLO-Roberto,35.259501999999998,-120.64472000000001,H,, 
3849,2022-01-01,17,9.00,PMBAM,Micrograms/Cubic Meter ( ug/m<sup>3</sup> ),0,y,SLO-Roberto,35.259501999999998,-120.64472000000001,H,, 
3849,2022-01-01,18,6.00,PMBAM,Micrograms/Cubic Meter ( ug/m<sup>3</sup> ),0,y,SLO-Roberto,35.259501999999998,-120.64472000000001,H,, 
3849,2022-01-01,19,19.00,PMBAM,Micrograms/Cubic Meter ( ug/m<sup>3</sup> ),0,y,SLO-Roberto,35.259501999999998,-120.64472000000001,H,, 
3849,2022-01-01,20,18.00,PMBAM,Micrograms/Cubic Meter ( ug/m<sup>3</sup> ),0,y,SLO-Roberto,35.259501999999998,-120.64472000000001,H,, 
3849,2022-01-01,21,27.00,PMBAM,Micrograms/Cubic Meter ( ug/m<sup>3</sup> ),0,y,SLO-Roberto,35.259501999999998,-120.64472000000001,H,, 
3849,2022-01-01,22,20.00,PMBAM,Micrograms/Cubic Meter ( ug/m<sup>3</sup> ),0,y,SLO-Roberto,35.259501999999998,-120.64472000000001,H,, 
3849,2022-01-01,23,20.00,PMBAM,Micrograms/Cubic Meter ( ug/m<sup>3</sup> ),0,y,SLO-Roberto,35.259501999999998,-120.64472000000001,H,, 
3849,2022-01-02,0,12.00,PMBAM,Micrograms/Cubic Meter ( ug/m<sup>3</sup> ),0,y,SLO-Roberto,35.259501999999998,-120.64472000000001,H,, 
3849,2022-01-02,1,11.00,PMBAM,Micrograms/Cubic Meter ( ug/m<sup>3</sup> ),0,y,SLO-Roberto,35.259501999999998,-120.64472000000001,H,, 
3849,2022-01-02,2,11.00,PMBAM,Micrograms/Cubic Meter ( ug/m<sup>3</sup> ),0,y,SLO-Roberto,35.259501999999998,-120.64472000000001,H,, 
3849,2022-01-02,3,11.00,PMBAM,Micrograms/Cubic Meter ( ug/m<sup>3</sup> ),0,y,SLO-Roberto,35.259501999999998,-120.64472000000001,H,, 
3849,2022-01-02,4,8.00,PMBAM,Micrograms/Cubic Meter ( ug/m<sup>3</sup> ),0,y,SLO-Roberto,35.259501999999998,-120.64472000000001,H,, 
3849,2022-01-02,5,8.00,PMBAM,Micrograms/Cubic Meter ( ug/m<sup>3</sup> ),0,y,SLO-Roberto,35.259501999999998,-120.64472000000001,H,, 
3849,2022-01-02,6,7.00,PMBAM,Micrograms/Cubic Meter ( ug/m<sup>3</sup> ),0,y,SLO-Roberto,35.259501999999998,-120.64472000000001,H,, 
3849,2022-01-02,7,9.00,PMBAM,Micrograms/Cubic Meter ( ug/m<sup>3</sup> ),0,y,SLO-Roberto,35.259501999999998,-120.64472000000001,H,, 
3849,2022-01-02,8,6.00,PMBAM,Micrograms/Cubic Meter ( ug/m<sup>3</sup> ),0,y,SLO-Roberto,35.259501999999998,-120.64472000000001,H,, 
3849,2022-01-02,9,8.00,PMBAM,Micrograms/Cubic Meter ( ug/m<sup>3</sup> ),0,y,SLO-Roberto,35.259501999999998,-120.64472000000001,H,, 
3849,2022-01-02,10,9.00,PMBAM,Micrograms/Cubic Meter ( ug/m<sup>3</sup> ),0,y,SLO-Roberto,35.259501999999998,-120.64472000000001,H,, 
3849,2022-01-02,11,9.00,PMBAM,Micrograms/Cubic Meter ( ug/m<sup>3</sup> ),0,y,SLO-Roberto,35.259501999999998,-120.64472000000001,H,, 
3849,2022-01-02,12,6.00,PMBAM,Micrograms/Cubic Meter ( ug/m<sup>3</sup> ),0,y,SLO-Roberto,35.259501999999998,-120.64472000000001,H,, 
3849,2022-01-02,13,5.00,PMBAM,Micrograms/Cubic Meter ( ug/m<sup>3</sup> ),0,y,SLO-Roberto,35.259501999999998,-120.64472000000001,H,, 
3849,2022-01-02,14,9.00,PMBAM,Micrograms/Cubic Meter ( ug/m<sup>3</sup> ),0,y,SLO-Roberto,35.259501999999998,-120.64472000000001,H,, 
3849,2022-01-02,15,15.00,PMBAM,Micrograms/Cubic Meter ( ug/m<sup>3</sup> ),0,y,SLO-Roberto,35.259501999999998,-120.64472000000001,H,, 
3849,2022-01-02,16,20.00,PMBAM,Micrograms/Cubic Meter ( ug/m<sup>3</sup> ),0,y,SLO-Roberto,35.259501999999998,-120.64472000000001,H,, 
3849,2022-01-02,17,18.00,PMBAM,Micrograms/Cubic Meter ( ug/m<sup>3</sup> ),0,y,SLO-Roberto,35.259501999999998,-120.64472000000001,H,, 
3849,2022-01-02,18,23.00,PMBAM,Micrograms/Cubic Meter ( ug/m<sup>3</sup> ),0,y,SLO-Roberto,35.259501999999998,-120.64472000000001,H,, 
3849,2022-01-02,19,19.00,PMBAM,Micrograms/Cubic Meter ( ug/m<sup>3</sup> ),0,y,SLO-Roberto,35.259501999999998,-120.64472000000001,H,, 
3849,2022-01-02,20,20.00,PMBAM,Micrograms/Cubic Meter ( ug/m<sup>3</sup> ),0,y,SLO-Roberto,35.259501999999998,-120.64472000000001,H,, 
3849,2022-01-02,21,24.00,PMBAM,Micrograms/Cubic Meter ( ug/m<sup>3</sup> ),0,y,SLO-Roberto,35.259501999999998,-120.64472000000001,H,, 
3849,2022-01-02,22,18.00,PMBAM,Micrograms/Cubic Meter ( ug/m<sup>3</sup> ),0,y,SLO-Roberto,35.259501999999998,-120.64472000000001,H,, 
3849,2022-01-02,23,16.00,PMBAM,Micrograms/Cubic Meter ( ug/m<sup>3</sup> ),0,y,SLO-Roberto,35.259501999999998,-120.64472000000001,H,, 
3849,2022-01-03,0,16.00,PMBAM,Micrograms/Cubic Meter ( ug/m<sup>3</sup> ),0,y,SLO-Roberto,35.259501999999998,-120.64472000000001,H,, 
3849,2022-01-03,1,15.00,PMBAM,Micrograms/Cubic Meter ( ug/m<sup>3</sup> ),0,y,SLO-Roberto,35.259501999999998,-120.64472000000001,H,, 
3849,2022-01-03,2,13.00,PMBAM,Micrograms/Cubic Meter ( ug/m<sup>3</sup> ),0,y,SLO-Roberto,35.259501999999998,-120.64472000000001,H,, 
3849,2022-01-03,3,9.00,PMBAM,Micrograms/Cubic Meter ( ug/m<sup>3</sup> ),0,y,SLO-Roberto,35.259501999999998,-120.64472000000001,H,, 
3849,2022-01-03,4,9.00,PMBAM,Micrograms/Cubic Meter ( ug/m<sup>3</sup> ),0,y,SLO-Roberto,35.259501999999998,-120.64472000000001,H,, 
3849,2022-01-03,5,9.00,PMBAM,Micrograms/Cubic Meter ( ug/m<sup>3</sup> ),0,y,SLO-Roberto,35.259501999999998,-120.64472000000001,H,, 
3849,2022-01-03,6,7.00,PMBAM,Micrograms/Cubic Meter ( ug/m<sup>3</sup> ),0,y,SLO-Roberto,35.259501999999998,-120.64472000000001,H,, 
3849,2022-01-03,7,14.00,PMBAM,Micrograms/Cubic Meter ( ug/m<sup>3</sup> ),0,y,SLO-Roberto,35.259501999999998,-120.64472000000001,H,, 
3849,2022-01-03,8,17.00,PMBAM,Micrograms/Cubic Meter ( ug/m<sup>3</sup> ),0,y,SLO-Roberto,35.259501999999998,-120.64472000000001,H,, 
3849,2022-01-03,9,21.00,PMBAM,Micrograms/Cubic Meter ( ug/m<sup>3</sup> ),0,y,SLO-Roberto,35.259501999999998,-120.64472000000001,H,, 
3849,2022-01-03,10,10.00,PMBAM,Micrograms/Cubic Meter ( ug/m<sup>3</sup> ),0,y,SLO-Roberto,35.259501999999998,-120.64472000000001,H,, 
3849,2022-01-03,11,17.00,PMBAM,Micrograms/Cubic Meter ( ug/m<sup>3</sup> ),0,y,SLO-Roberto,35.259501999999998,-120.64472000000001,H,, 
3849,2022-01-03,12,11.00,PMBAM,Micrograms/Cubic Meter ( ug/m<sup>3</sup> ),0,y,SLO-Roberto,35.259501999999998,-120.64472000000001,H,, 
3849,2022-01-03,13,11.00,PMBAM,Micrograms/Cubic Meter ( ug/m<sup>3</sup> ),0,y,SLO-Roberto,35.259501999999998,-120.64472000000001,H,, 
3849,2022-01-03,14,12.00,PMBAM,Micrograms/Cubic Meter ( ug/m<sup>3</sup> ),0,y,SLO-Roberto,35.259501999999998,-120.64472000000001,H,, 
3849,2022-01-03,15,10.00,PMBAM,Micrograms/Cubic Meter ( ug/m<sup>3</sup> ),0,y,SLO-Roberto,35.259501999999998,-120.64472000000001,H,, 
3849,2022-01-03,16,11.00,PMBAM,Micrograms/Cubic Meter ( ug/m<sup>3</sup> ),0,y,SLO-Roberto,35.259501999999998,-120.64472000000001,H,, 
3849,2022-01-03,17,9.00,PMBAM,Micrograms/Cubic Meter ( ug/m<sup>3</sup> ),0,y,SLO-Roberto,35.259501999999998,-120.64472000000001,H,, 
3849,2022-01-03,18,12.00,PMBAM,Micrograms/Cubic Meter ( ug/m<sup>3</sup> ),0,y,SLO-Roberto,35.259501999999998,-120.64472000000001,H,, 
3849,2022-01-03,19,15.00,PMBAM,Micrograms/Cubic Meter ( ug/m<sup>3</sup> ),0,y,SLO-Roberto,35.259501999999998,-120.64472000000001,H,, 
3849,2022-01-03,20,13.00,PMBAM,Micrograms/Cubic Meter ( ug/m<sup>3</sup> ),0,y,SLO-Roberto,35.259501999999998,-120.64472000000001,H,, 
3849,2022-01-03,21,11.00,PMBAM,Micrograms/Cubic Meter ( ug/m<sup>3</sup> ),0,y,SLO-Roberto,35.259501999999998,-120.64472000000001,H,, 
3849,2022-01-03,22,7.00,PMBAM,Micrograms/Cubic Meter ( ug/m<sup>3</sup> ),0,y,SLO-Roberto,35.259501999999998,-120.64472000000001,H,, 
3849,2022-01-03,23,8.00,PMBAM,Micrograms/Cubic Meter ( ug/m<sup>3</sup> ),0,y,SLO-Roberto,35.259501999999998,-120.64472000000001,H,, 
3849,2022-01-04,0,10.00,PMBAM,Micrograms/Cubic Meter ( ug/m<sup>3</sup> ),0,y,SLO-Roberto,35.259501999999998,-120.64472000000001,H,, 
3849,2022-01-04,1,8.00,PMBAM,Micrograms/Cubic Meter ( ug/m<sup>3</sup> ),0,y,SLO-Roberto,35.259501999999998,-120.64472000000001,H,, 
3849,2022-01-04,2,6.00,PMBAM,Micrograms/Cubic Meter ( ug/m<sup>3</sup> ),0,y,SLO-Roberto,35.259501999999998,-120.64472000000001,H,, 
3849,2022-01-04,3,4.00,PMBAM,Micrograms/Cubic Meter ( ug/m<sup>3</sup> ),0,y,SLO-Roberto,35.259501999999998,-120.64472000000001,H,, 
3849,2022-01-04,4,4.00,PMBAM,Micrograms/Cubic Meter ( ug/m<sup>3</sup> ),0,y,SLO-Roberto,35.259501999999998,-120.64472000000001,H,, 
3849,2022-01-04,5,5.00,PMBAM,Micrograms/Cubic Meter ( ug/m<sup>3</sup> ),0,y,SLO-Roberto,35.259501999999998,-120.64472000000001,H,, 
3849,2022-01-04,6,10.00,PMBAM,Micrograms/Cubic Meter ( ug/m<sup>3</sup> ),0,y,SLO-Roberto,35.259501999999998,-120.64472000000001,H,, 
3849,2022-01-04,7,9.00,PMBAM,Micrograms/Cubic Meter ( ug/m<sup>3</sup> ),0,y,SLO-Roberto,35.259501999999998,-120.64472000000001,H,, 
3849,2022-01-04,8,10.00,PMBAM,Micrograms/Cubic Meter ( ug/m<sup>3</sup> ),0,y,SLO-Roberto,35.259501999999998,-120.64472000000001,H,, 
3849,2022-01-04,9,15.00,PMBAM,Micrograms/Cubic Meter ( ug/m<sup>3</sup> ),0,y,SLO-Roberto,35.259501999999998,-120.64472000000001,H,, 
3849,2022-01-04,10,8.00,PMBAM,Micrograms/Cubic Meter ( ug/m<sup>3</sup> ),0,y,SLO-Roberto,35.259501999999998,-120.64472000000001,H,, 
3849,2022-01-04,11,6.00,PMBAM,Micrograms/Cubic Meter ( ug/m<sup>3</sup> ),0,y,SLO-Roberto,35.259501999999998,-120.64472000000001,H,, 
3849,2022-01-04,12,6.00,PMBAM,Micrograms/Cubic Meter ( ug/m<sup>3</sup> ),0,y,SLO-Roberto,35.259501999999998,-120.64472000000001,H,, 
3849,2022-01-04,13,6.00,PMBAM,Micrograms/Cubic Meter ( ug/m<sup>3</sup> ),0,y,SLO-Roberto,35.259501999999998,-120.64472000000001,H,, 
3849,2022-01-04,14,6.00,PMBAM,Micrograms/Cubic Meter ( ug/m<sup>3</sup> ),0,y,SLO-Roberto,35.259501999999998,-120.64472000000001,H,, 
3849,2022-01-04,15,10.00,PMBAM,Micrograms/Cubic Meter ( ug/m<sup>3</sup> ),0,y,SLO-Roberto,35.259501999999998,-120.64472000000001,H,, 
3849,2022-01-04,16,16.00,PMBAM,Micrograms/Cubic Meter ( ug/m<sup>3</sup> ),0,y,SLO-Roberto,35.259501999999998,-120.64472000000001,H,, 
3849,2022-01-04,17,11.00,PMBAM,Micrograms/Cubic Meter ( ug/m<sup>3</sup> ),0,y,SLO-Roberto,35.259501999999998,-120.64472000000001,H,, 
3849,2022-01-04,18,18.00,PMBAM,Micrograms/Cubic Meter ( ug/m<sup>3</sup> ),0,y,SLO-Roberto,35.259501999999998,-120.64472000000001,H,, 
3849,2022-01-04,19,16.00,PMBAM,Micrograms/Cubic Meter ( ug/m<sup>3</sup> ),0,y,SLO-Roberto,35.259501999999998,-120.64472000000001,H,, 
3849,2022-01-04,20,12.00,PMBAM,Micrograms/Cubic Meter ( ug/m<sup>3</sup> ),0,y,SLO-Roberto,35.259501999999998,-120.64472000000001,H,, 
3849,2022-01-04,21,8.00,PMBAM,Micrograms/Cubic Meter ( ug/m<sup>3</sup> ),0,y,SLO-Roberto,35.259501999999998,-120.64472000000001,H,, 
3849,2022-01-04,22,7.00,PMBAM,Micrograms/Cubic Meter ( ug/m<sup>3</sup> ),0,y,SLO-Roberto,35.259501999999998,-120.64472000000001,H,, 
3849,2022-01-04,23,6.00,PMBAM,Micrograms/Cubic Meter ( ug/m<sup>3</sup> ),0,y,SLO-Roberto,35.259501999999998,-120.64472000000001,H,, 
3849,2022-01-05,0,7.00,PMBAM,Micrograms/Cubic Meter ( ug/m<sup>3</sup> ),0,y,SLO-Roberto,35.259501999999998,-120.64472000000001,H,, 
3849,2022-01-05,1,6.00,PMBAM,Micrograms/Cubic Meter ( ug/m<sup>3</sup> ),0,y,SLO-Roberto,35.259501999999998,-120.64472000000001,H,, 
3849,2022-01-05,2,4.00,PMBAM,Micrograms/Cubic Meter ( ug/m<sup>3</sup> ),0,y,SLO-Roberto,35.259501999999998,-120.64472000000001,H,, 
3849,2022-01-05,3,3.00,PMBAM,Micrograms/Cubic Meter ( ug/m<sup>3</sup> ),0,y,SLO-Roberto,35.259501999999998,-120.64472000000001,H,, 
3849,2022-01-05,4,5.00,PMBAM,Micrograms/Cubic Meter ( ug/m<sup>3</sup> ),0,y,SLO-Roberto,35.259501999999998,-120.64472000000001,H,, 
3849,2022-01-05,5,6.00,PMBAM,Micrograms/Cubic Meter ( ug/m<sup>3</sup> ),0,y,SLO-Roberto,35.259501999999998,-120.64472000000001,H,, 
3849,2022-01-05,6,7.00,PMBAM,Micrograms/Cubic Meter ( ug/m<sup>3</sup> ),0,y,SLO-Roberto,35.259501999999998,-120.64472000000001,H,, 
3849,2022-01-05,7,15.00,PMBAM,Micrograms/Cubic Meter ( ug/m<sup>3</sup> ),0,y,SLO-Roberto,35.259501999999998,-120.64472000000001,H,, 
3849,2022-01-05,8,15.00,PMBAM,Micrograms/Cubic Meter ( ug/m<sup>3</sup> ),0,y,SLO-Roberto,35.259501999999998,-120.64472000000001,H,, 
3849,2022-01-05,9,10.00,PMBAM,Micrograms/Cubic Meter ( ug/m<sup>3</sup> ),0,y,SLO-Roberto,35.259501999999998,-120.64472000000001,H,, 
3849,2022-01-05,10,6.00,PMBAM,Micrograms/Cubic Meter ( ug/m<sup>3</sup> ),0,y,SLO-Roberto,35.259501999999998,-120.64472000000001,H,, 
3849,2022-01-05,11,3.00,PMBAM,Micrograms/Cubic Meter ( ug/m<sup>3</sup> ),0,y,SLO-Roberto,35.259501999999998,-120.64472000000001,H,, 
3849,2022-01-05,12,7.00,PMBAM,Micrograms/Cubic Meter ( ug/m<sup>3</sup> ),0,y,SLO-Roberto,35.259501999999998,-120.64472000000001,H,, 
3849,2022-01-05,13,10.00,PMBAM,Micrograms/Cubic Meter ( ug/m<sup>3</sup> ),0,y,SLO-Roberto,35.259501999999998,-120.64472000000001,H,, 
3849,2022-01-05,14,8.00,PMBAM,Micrograms/Cubic Meter ( ug/m<sup>3</sup> ),0,y,SLO-Roberto,35.259501999999998,-120.64472000000001,H,, 
3849,2022-01-05,15,8.00,PMBAM,Micrograms/Cubic Meter ( ug/m<sup>3</sup> ),0,y,SLO-Roberto,35.259501999999998,-120.64472000000001,H,, 
3849,2022-01-05,16,9.00,PMBAM,Micrograms/Cubic Meter ( ug/m<sup>3</sup> ),0,y,SLO-Roberto,35.259501999999998,-120.64472000000001,H,, 
3849,2022-01-05,17,11.00,PMBAM,Micrograms/Cubic Meter ( ug/m<sup>3</sup> ),0,y,SLO-Roberto,35.259501999999998,-120.64472000000001,H,, 
3849,2022-01-05,18,19.00,PMBAM,Micrograms/Cubic Meter ( ug/m<sup>3</sup> ),0,y,SLO-Roberto,35.259501999999998,-120.64472000000001,H,, 
3849,2022-01-05,19,14.00,PMBAM,Micrograms/Cubic Meter ( ug/m<sup>3</sup> ),0,y,SLO-Roberto,35.259501999999998,-120.64472000000001,H,, 
3849,2022-01-05,20,17.00,PMBAM,Micrograms/Cubic Meter ( ug/m<sup>3</sup> ),0,y,SLO-Roberto,35.259501999999998,-120.64472000000001,H,, 
3849,2022-01-05,21,8.00,PMBAM,Micrograms/Cubic Meter ( ug/m<sup>3</sup> ),0,y,SLO-Roberto,35.259501999999998,-120.64472000000001,H,, 
3849,2022-01-05,22,10.00,PMBAM,Micrograms/Cubic Meter ( ug/m<sup>3</sup> ),0,y,SLO-Roberto,35.259501999999998,-120.64472000000001,H,, 
3849,2022-01-05,23,10.00,PMBAM,Micrograms/Cubic Meter ( ug/m<sup>3</sup> ),0,y,SLO-Roberto,35.259501999999998,-120.64472000000001,H,, 
3849,2022-01-06,0,6.00,PMBAM,Micrograms/Cubic Meter ( ug/m<sup>3</sup> ),0,y,SLO-Roberto,35.259501999999998,-120.64472000000001,H,, 
3849,2022-01-06,1,2.00,PMBAM,Micrograms/Cubic Meter ( ug/m<sup>3</sup> ),0,y,SLO-Roberto,35.259501999999998,-120.64472000000001,H,, 
3849,2022-01-06,2,1.00,PMBAM,Micrograms/Cubic Meter ( ug/m<sup>3</sup> ),0,y,SLO-Roberto,35.259501999999998,-120.64472000000001,H,, 
3849,2022-01-06,3,3.00,PMBAM,Micrograms/Cubic Meter ( ug/m<sup>3</sup> ),0,y,SLO-Roberto,35.259501999999998,-120.64472000000001,H,, 
3849,2022-01-06,4,9.00,PMBAM,Micrograms/Cubic Meter ( ug/m<sup>3</sup> ),0,y,SLO-Roberto,35.259501999999998,-120.64472000000001,H,, 
3849,2022-01-06,5,6.00,PMBAM,Micrograms/Cubic Meter ( ug/m<sup>3</sup> ),0,y,SLO-Roberto,35.259501999999998,-120.64472000000001,H,, 
3849,2022-01-06,6,5.00,PMBAM,Micrograms/Cubic Meter ( ug/m<sup>3</sup> ),0,y,SLO-Roberto,35.259501999999998,-120.64472000000001,H,, 
3849,2022-01-06,7,14.00,PMBAM,Micrograms/Cubic Meter ( ug/m<sup>3</sup> ),0,y,SLO-Roberto,35.259501999999998,-120.64472000000001,H,, 
3849,2022-01-06,8,19.00,PMBAM,Micrograms/Cubic Meter ( ug/m<sup>3</sup> ),0,y,SLO-Roberto,35.259501999999998,-120.64472000000001,H,, 
3849,2022-01-06,9,10.00,PMBAM,Micrograms/Cubic Meter ( ug/m<sup>3</sup> ),0,y,SLO-Roberto,35.259501999999998,-120.64472000000001,H,, 
3849,2022-01-06,10,11.00,PMBAM,Micrograms/Cubic Meter ( ug/m<sup>3</sup> ),0,y,SLO-Roberto,35.259501999999998,-120.64472000000001,H,, 
3849,2022-01-06,11,7.00,PMBAM,Micrograms/Cubic Meter ( ug/m<sup>3</sup> ),0,y,SLO-Roberto,35.259501999999998,-120.64472000000001,H,, 
3849,2022-01-06,12,6.00,PMBAM,Micrograms/Cubic Meter ( ug/m<sup>3</sup> ),0,y,SLO-Roberto,35.259501999999998,-120.64472000000001,H,, 
3849,2022-01-06,13,6.00,PMBAM,Micrograms/Cubic Meter ( ug/m<sup>3</sup> ),0,y,SLO-Roberto,35.259501999999998,-120.64472000000001,H,, 
3849,2022-01-06,14,10.00,PMBAM,Micrograms/Cubic Meter ( ug/m<sup>3</sup> ),0,y,SLO-Roberto,35.259501999999998,-120.64472000000001,H,, 
3849,2022-01-06,15,11.00,PMBAM,Micrograms/Cubic Meter ( ug/m<sup>3</sup> ),0,y,SLO-Roberto,35.259501999999998,-120.64472000000001,H,, 
3849,2022-01-06,16,10.00,PMBAM,Micrograms/Cubic Meter ( ug/m<sup>3</sup> ),0,y,SLO-Roberto,35.259501999999998,-120.64472000000001,H,, 
3849,2022-01-06,17,12.00,PMBAM,Micrograms/Cubic Meter ( ug/m<sup>3</sup> ),0,y,SLO-Roberto,35.259501999999998,-120.64472000000001,H,, 
3849,2022-01-06,18,8.00,PMBAM,Micrograms/Cubic Meter ( ug/m<sup>3</sup> ),0,y,SLO-Roberto,35.259501999999998,-120.64472000000001,H,, 
3849,2022-01-06,19,5.00,PMBAM,Micrograms/Cubic Meter ( ug/m<sup>3</sup> ),0,y,SLO-Roberto,35.259501999999998,-120.64472000000001,H,, 
3849,2022-01-06,20,3.00,PMBAM,Micrograms/Cubic Meter ( ug/m<sup>3</sup> ),0,y,SLO-Roberto,35.259501999999998,-120.64472000000001,H,, 
3849,2022-01-06,21,9.00,PMBAM,Micrograms/Cubic Meter ( ug/m<sup>3</sup> ),0,y,SLO-Roberto,35.259501999999998,-120.64472000000001,H,, 
3849,2022-01-06,22,5.00,PMBAM,Micrograms/Cubic Meter ( ug/m<sup>3</sup> ),0,y,SLO-Roberto,35.259501999999998,-120.64472000000001,H,, 
3849,2022-01-06,23,5.00,PMBAM,Micrograms/Cubic Meter ( ug/m<sup>3</sup> ),0,y,SLO-Roberto,35.259501999999998,-120.64472000000001,H,, 
3849,2022-01-07,0,6.00,PMBAM,Micrograms/Cubic Meter ( ug/m<sup>3</sup> ),0,y,SLO-Roberto,35.259501999999998,-120.64472000000001,H,, 
3849,2022-01-07,1,4.00,PMBAM,Micrograms/Cubic Meter ( ug/m<sup>3</sup> ),0,y,SLO-Roberto,35.259501999999998,-120.64472000000001,H,, 
3849,2022-01-07,2,4.00,PMBAM,Micrograms/Cubic Meter ( ug/m<sup>3</sup> ),0,y,SLO-Roberto,35.259501999999998,-120.64472000000001,H,, 
3849,2022-01-07,3,3.00,PMBAM,Micrograms/Cubic Meter ( ug/m<sup>3</sup> ),0,y,SLO-Roberto,35.259501999999998,-120.64472000000001,H,, 
3849,2022-01-07,4,5.00,PMBAM,Micrograms/Cubic Meter ( ug/m<sup>3</sup> ),0,y,SLO-Roberto,35.259501999999998,-120.64472000000001,H,, 
3849,2022-01-07,5,6.00,PMBAM,Micrograms/Cubic Meter ( ug/m<sup>3</sup> ),0,y,SLO-Roberto,35.259501999999998,-120.64472000000001,H,, 
3849,2022-01-07,6,8.00,PMBAM,Micrograms/Cubic Meter ( ug/m<sup>3</sup> ),0,y,SLO-Roberto,35.259501999999998,-120.64472000000001,H,, 
3849,2022-01-07,7,10.00,PMBAM,Micrograms/Cubic Meter ( ug/m<sup>3</sup> ),0,y,SLO-Roberto,35.259501999999998,-120.64472000000001,H,, 
3849,2022-01-07,8,10.00,PMBAM,Micrograms/Cubic Meter ( ug/m<sup>3</sup> ),0,y,SLO-Roberto,35.259501999999998,-120.64472000000001,H,, 
3849,2022-01-07,9,6.00,PMBAM,Micrograms/Cubic Meter ( ug/m<sup>3</sup> ),0,y,SLO-Roberto,35.259501999999998,-120.64472000000001,H,, 
3849,2022-01-07,10,3.00,PMBAM,Micrograms/Cubic Meter ( ug/m<sup>3</sup> ),0,y,SLO-Roberto,35.259501999999998,-120.64472000000001,H,, 
3849,2022-01-07,11,3.00,PMBAM,Micrograms/Cubic Meter ( ug/m<sup>3</sup> ),0,y,SLO-Roberto,35.259501999999998,-120.64472000000001,H,, 
3849,2022-01-07,12,3.00,PMBAM,Micrograms/Cubic Meter ( ug/m<sup>3</sup> ),0,y,SLO-Roberto,35.259501999999998,-120.64472000000001,H,, 
3849,2022-01-07,13,8.00,PMBAM,Micrograms/Cubic Meter ( ug/m<sup>3</sup> ),0,y,SLO-Roberto,35.259501999999998,-120.64472000000001,H,, 
3849,2022-01-07,14,6.00,PMBAM,Micrograms/Cubic Meter ( ug/m<sup>3</sup> ),0,y,SLO-Roberto,35.259501999999998,-120.64472000000001,H,, 
3849,2022-01-07,15,7.00,PMBAM,Micrograms/Cubic Meter ( ug/m<sup>3</sup> ),0,y,SLO-Roberto,35.259501999999998,-120.64472000000001,H,, 
3849,2022-01-07,16,6.00,PMBAM,Micrograms/Cubic Meter ( ug/m<sup>3</sup> ),0,y,SLO-Roberto,35.259501999999998,-120.64472000000001,H,, 
3849,2022-01-07,17,5.00,PMBAM,Micrograms/Cubic Meter ( ug/m<sup>3</sup> ),0,y,SLO-Roberto,35.259501999999998,-120.64472000000001,H,, 
3849,2022-01-07,18,7.00,PMBAM,Micrograms/Cubic Meter ( ug/m<sup>3</sup> ),0,y,SLO-Roberto,35.259501999999998,-120.64472000000001,H,, 
3849,2022-01-07,19,10.00,PMBAM,Micrograms/Cubic Meter ( ug/m<sup>3</sup> ),0,y,SLO-Roberto,35.259501999999998,-120.64472000000001,H,, 
3849,2022-01-07,20,12.00,PMBAM,Micrograms/Cubic Meter ( ug/m<sup>3</sup> ),0,y,SLO-Roberto,35.259501999999998,-120.64472000000001,H,, 
3849,2022-01-07,21,17.00,PMBAM,Micrograms/Cubic Meter ( ug/m<sup>3</sup> ),0,y,SLO-Roberto,35.259501999999998,-120.64472000000001,H,, 
3849,2022-01-07,22,13.00,PMBAM,Micrograms/Cubic Meter ( ug/m<sup>3</sup> ),0,y,SLO-Roberto,35.259501999999998,-120.64472000000001,H,, 
3849,2022-01-07,23,9.00,PMBAM,Micrograms/Cubic Meter ( ug/m<sup>3</sup> ),0,y,SLO-Roberto,35.259501999999998,-120.64472000000001,H,, 
3849,2022-01-08,0,5.00,PMBAM,Micrograms/Cubic Meter ( ug/m<sup>3</sup> ),0,y,SLO-Roberto,35.259501999999998,-120.64472000000001,H,, 
3849,2022-01-08,1,4.00,PMBAM,Micrograms/Cubic Meter ( ug/m<sup>3</sup> ),0,y,SLO-Roberto,35.259501999999998,-120.64472000000001,H,, 
3849,2022-01-08,2,3.00,PMBAM,Micrograms/Cubic Meter ( ug/m<sup>3</sup> ),0,y,SLO-Roberto,35.259501999999998,-120.64472000000001,H,, 
3849,2022-01-08,3,2.00,PMBAM,Micrograms/Cubic Meter ( ug/m<sup>3</sup> ),0,y,SLO-Roberto,35.259501999999998,-120.64472000000001,H,, 
3849,2022-01-08,4,3.00,PMBAM,Micrograms/Cubic Meter ( ug/m<sup>3</sup> ),0,y,SLO-Roberto,35.259501999999998,-120.64472000000001,H,, 
3849,2022-01-08,5,6.00,PMBAM,Micrograms/Cubic Meter ( ug/m<sup>3</sup> ),0,y,SLO-Roberto,35.259501999999998,-120.64472000000001,H,, 
3849,2022-01-08,6,5.00,PMBAM,Micrograms/Cubic Meter ( ug/m<sup>3</sup> ),0,y,SLO-Roberto,35.259501999999998,-120.64472000000001,H,, 
3849,2022-01-08,7,10.00,PMBAM,Micrograms/Cubic Meter ( ug/m<sup>3</sup> ),0,y,SLO-Roberto,35.259501999999998,-120.64472000000001,H,, 
3849,2022-01-08,8,10.00,PMBAM,Micrograms/Cubic Meter ( ug/m<sup>3</sup> ),0,y,SLO-Roberto,35.259501999999998,-120.64472000000001,H,, 
3849,2022-01-08,9,6.00,PMBAM,Micrograms/Cubic Meter ( ug/m<sup>3</sup> ),0,y,SLO-Roberto,35.259501999999998,-120.64472000000001,H,, 
3849,2022-01-08,10,5.00,PMBAM,Micrograms/Cubic Meter ( ug/m<sup>3</sup> ),0,y,SLO-Roberto,35.259501999999998,-120.64472000000001,H,, 
3849,2022-01-08,11,4.00,PMBAM,Micrograms/Cubic Meter ( ug/m<sup>3</sup> ),0,y,SLO-Roberto,35.259501999999998,-120.64472000000001,H,, 
3849,2022-01-08,12,3.00,PMBAM,Micrograms/Cubic Meter ( ug/m<sup>3</sup> ),0,y,SLO-Roberto,35.259501999999998,-120.64472000000001,H,, 
3849,2022-01-08,13,2.00,PMBAM,Micrograms/Cubic Meter ( ug/m<sup>3</sup> ),0,y,SLO-Roberto,35.259501999999998,-120.64472000000001,H,, 
3849,2022-01-08,14,3.00,PMBAM,Micrograms/Cubic Meter ( ug/m<sup>3</sup> ),0,y,SLO-Roberto,35.259501999999998,-120.64472000000001,H,, 
3849,2022-01-08,15,6.00,PMBAM,Micrograms/Cubic Meter ( ug/m<sup>3</sup> ),0,y,SLO-Roberto,35.259501999999998,-120.64472000000001,H,, 
3849,2022-01-08,16,7.00,PMBAM,Micrograms/Cubic Meter ( ug/m<sup>3</sup> ),0,y,SLO-Roberto,35.259501999999998,-120.64472000000001,H,, 
3849,2022-01-08,17,8.00,PMBAM,Micrograms/Cubic Meter ( ug/m<sup>3</sup> ),0,y,SLO-Roberto,35.259501999999998,-120.64472000000001,H,, 
3849,2022-01-08,18,15.00,PMBAM,Micrograms/Cubic Meter ( ug/m<sup>3</sup> ),0,y,SLO-Roberto,35.259501999999998,-120.64472000000001,H,, 
3849,2022-01-08,19,24.00,PMBAM,Micrograms/Cubic Meter ( ug/m<sup>3</sup> ),0,y,SLO-Roberto,35.259501999999998,-120.64472000000001,H,, 
3849,2022-01-08,20,18.00,PMBAM,Micrograms/Cubic Meter ( ug/m<sup>3</sup> ),0,y,SLO-Roberto,35.259501999999998,-120.64472000000001,H,, 
3849,2022-01-08,21,21.00,PMBAM,Micrograms/Cubic Meter ( ug/m<sup>3</sup> ),0,y,SLO-Roberto,35.259501999999998,-120.64472000000001,H,, 
3849,2022-01-08,22,14.00,PMBAM,Micrograms/Cubic Meter ( ug/m<sup>3</sup> ),0,y,SLO-Roberto,35.259501999999998,-120.64472000000001,H,, 
3849,2022-01-08,23,13.00,PMBAM,Micrograms/Cubic Meter ( ug/m<sup>3</sup> ),0,y,SLO-Roberto,35.259501999999998,-120.64472000000001,H,, 
3849,2022-01-09,0,15.00,PMBAM,Micrograms/Cubic Meter ( ug/m<sup>3</sup> ),0,y,SLO-Roberto,35.259501999999998,-120.64472000000001,H,, 
3849,2022-01-09,1,16.00,PMBAM,Micrograms/Cubic Meter ( ug/m<sup>3</sup> ),0,y,SLO-Roberto,35.259501999999998,-120.64472000000001,H,, 
3849,2022-01-09,2,16.00,PMBAM,Micrograms/Cubic Meter ( ug/m<sup>3</sup> ),0,y,SLO-Roberto,35.259501999999998,-120.64472000000001,H,, 
3849,2022-01-09,3,20.00,PMBAM,Micrograms/Cubic Meter ( ug/m<sup>3</sup> ),0,y,SLO-Roberto,35.259501999999998,-120.64472000000001,H,, 
3849,2022-01-09,4,11.00,PMBAM,Micrograms/Cubic Meter ( ug/m<sup>3</sup> ),0,y,SLO-Roberto,35.259501999999998,-120.64472000000001,H,, 
3849,2022-01-09,5,17.00,PMBAM,Micrograms/Cubic Meter ( ug/m<sup>3</sup> ),0,y,SLO-Roberto,35.259501999999998,-120.64472000000001,H,, 
3849,2022-01-09,6,11.00,PMBAM,Micrograms/Cubic Meter ( ug/m<sup>3</sup> ),0,y,SLO-Roberto,35.259501999999998,-120.64472000000001,H,, 
3849,2022-01-09,7,15.00,PMBAM,Micrograms/Cubic Meter ( ug/m<sup>3</sup> ),0,y,SLO-Roberto,35.259501999999998,-120.64472000000001,H,, 
3849,2022-01-09,8,11.00,PMBAM,Micrograms/Cubic Meter ( ug/m<sup>3</sup> ),0,y,SLO-Roberto,35.259501999999998,-120.64472000000001,H,, 
3849,2022-01-09,9,13.00,PMBAM,Micrograms/Cubic Meter ( ug/m<sup>3</sup> ),0,y,SLO-Roberto,35.259501999999998,-120.64472000000001,H,, 
3849,2022-01-09,10,9.00,PMBAM,Micrograms/Cubic Meter ( ug/m<sup>3</sup> ),0,y,SLO-Roberto,35.259501999999998,-120.64472000000001,H,, 
3849,2022-01-09,11,5.00,PMBAM,Micrograms/Cubic Meter ( ug/m<sup>3</sup> ),0,y,SLO-Roberto,35.259501999999998,-120.64472000000001,H,, 
3849,2022-01-09,12,4.00,PMBAM,Micrograms/Cubic Meter ( ug/m<sup>3</sup> ),0,y,SLO-Roberto,35.259501999999998,-120.64472000000001,H,, 
3849,2022-01-09,13,6.00,PMBAM,Micrograms/Cubic Meter ( ug/m<sup>3</sup> ),0,y,SLO-Roberto,35.259501999999998,-120.64472000000001,H,, 
3849,2022-01-09,14,6.00,PMBAM,Micrograms/Cubic Meter ( ug/m<sup>3</sup> ),0,y,SLO-Roberto,35.259501999999998,-120.64472000000001,H,, 
3849,2022-01-09,15,8.00,PMBAM,Micrograms/Cubic Meter ( ug/m<sup>3</sup> ),0,y,SLO-Roberto,35.259501999999998,-120.64472000000001,H,, 
3849,2022-01-09,16,21.00,PMBAM,Micrograms/Cubic Meter ( ug/m<sup>3</sup> ),0,y,SLO-Roberto,35.259501999999998,-120.64472000000001,H,, 
3849,2022-01-09,17,12.00,PMBAM,Micrograms/Cubic Meter ( ug/m<sup>3</sup> ),0,y,SLO-Roberto,35.259501999999998,-120.64472000000001,H,, 
3849,2022-01-09,18,19.00,PMBAM,Micrograms/Cubic Meter ( ug/m<sup>3</sup> ),0,y,SLO-Roberto,35.259501999999998,-120.64472000000001,H,, 
3849,2022-01-09,19,28.00,PMBAM,Micrograms/Cubic Meter ( ug/m<sup>3</sup> ),0,y,SLO-Roberto,35.259501999999998,-120.64472000000001,H,, 
3849,2022-01-09,20,25.00,PMBAM,Micrograms/Cubic Meter ( ug/m<sup>3</sup> ),0,y,SLO-Roberto,35.259501999999998,-120.64472000000001,H,, 
3849,2022-01-09,21,21.00,PMBAM,Micrograms/Cubic Meter ( ug/m<sup>3</sup> ),0,y,SLO-Roberto,35.259501999999998,-120.64472000000001,H,, 
3849,2022-01-09,22,14.00,PMBAM,Micrograms/Cubic Meter ( ug/m<sup>3</sup> ),0,y,SLO-Roberto,35.259501999999998,-120.64472000000001,H,, 
3849,2022-01-09,23,18.00,PMBAM,Micrograms/Cubic Meter ( ug/m<sup>3</sup> ),0,y,SLO-Roberto,35.259501999999998,-120.64472000000001,H,, 
3849,2022-01-10,0,21.00,PMBAM,Micrograms/Cubic Meter ( ug/m<sup>3</sup> ),0,y,SLO-Roberto,35.259501999999998,-120.64472000000001,H,, 
3849,2022-01-10,1,13.00,PMBAM,Micrograms/Cubic Meter ( ug/m<sup>3</sup> ),0,y,SLO-Roberto,35.259501999999998,-120.64472000000001,H,, 
3849,2022-01-10,2,16.00,PMBAM,Micrograms/Cubic Meter ( ug/m<sup>3</sup> ),0,y,SLO-Roberto,35.259501999999998,-120.64472000000001,H,, 
3849,2022-01-10,3,10.00,PMBAM,Micrograms/Cubic Meter ( ug/m<sup>3</sup> ),0,y,SLO-Roberto,35.259501999999998,-120.64472000000001,H,, 
3849,2022-01-10,4,9.00,PMBAM,Micrograms/Cubic Meter ( ug/m<sup>3</sup> ),0,y,SLO-Roberto,35.259501999999998,-120.64472000000001,H,, 
3849,2022-01-10,5,8.00,PMBAM,Micrograms/Cubic Meter ( ug/m<sup>3</sup> ),0,y,SLO-Roberto,35.259501999999998,-120.64472000000001,H,, 
3849,2022-01-10,6,16.00,PMBAM,Micrograms/Cubic Meter ( ug/m<sup>3</sup> ),0,y,SLO-Roberto,35.259501999999998,-120.64472000000001,H,, 
3849,2022-01-10,7,20.00,PMBAM,Micrograms/Cubic Meter ( ug/m<sup>3</sup> ),0,y,SLO-Roberto,35.259501999999998,-120.64472000000001,H,, 
3849,2022-01-10,8,29.00,PMBAM,Micrograms/Cubic Meter ( ug/m<sup>3</sup> ),0,y,SLO-Roberto,35.259501999999998,-120.64472000000001,H,, 
3849,2022-01-10,9,28.00,PMBAM,Micrograms/Cubic Meter ( ug/m<sup>3</sup> ),0,y,SLO-Roberto,35.259501999999998,-120.64472000000001,H,, 
3849,2022-01-10,10,17.00,PMBAM,Micrograms/Cubic Meter ( ug/m<sup>3</sup> ),0,y,SLO-Roberto,35.259501999999998,-120.64472000000001,H,, 
3849,2022-01-10,11,15.00,PMBAM,Micrograms/Cubic Meter ( ug/m<sup>3</sup> ),0,y,SLO-Roberto,35.259501999999998,-120.64472000000001,H,, 
3849,2022-01-10,12,9.00,PMBAM,Micrograms/Cubic Meter ( ug/m<sup>3</sup> ),0,y,SLO-Roberto,35.259501999999998,-120.64472000000001,H,, 
3849,2022-01-10,13,6.00,PMBAM,Micrograms/Cubic Meter ( ug/m<sup>3</sup> ),0,y,SLO-Roberto,35.259501999999998,-120.64472000000001,H,, 
3849,2022-01-10,15,3.00,PMBAM,Micrograms/Cubic Meter ( ug/m<sup>3</sup> ),0,y,SLO-Roberto,35.259501999999998,-120.64472000000001,H,, 
3849,2022-01-10,16,2.00,PMBAM,Micrograms/Cubic Meter ( ug/m<sup>3</sup> ),0,y,SLO-Roberto,35.259501999999998,-120.64472000000001,H,, 
3849,2022-01-10,17,6.00,PMBAM,Micrograms/Cubic Meter ( ug/m<sup>3</sup> ),0,y,SLO-Roberto,35.259501999999998,-120.64472000000001,H,, 
3849,2022-01-10,18,5.00,PMBAM,Micrograms/Cubic Meter ( ug/m<sup>3</sup> ),0,y,SLO-Roberto,35.259501999999998,-120.64472000000001,H,, 
3849,2022-01-10,19,7.00,PMBAM,Micrograms/Cubic Meter ( ug/m<sup>3</sup> ),0,y,SLO-Roberto,35.259501999999998,-120.64472000000001,H,, 
3849,2022-01-10,20,5.00,PMBAM,Micrograms/Cubic Meter ( ug/m<sup>3</sup> ),0,y,SLO-Roberto,35.259501999999998,-120.64472000000001,H,, 
3849,2022-01-10,21,2.00,PMBAM,Micrograms/Cubic Meter ( ug/m<sup>3</sup> ),0,y,SLO-Roberto,35.259501999999998,-120.64472000000001,H,, 
3849,2022-01-10,22,2.00,PMBAM,Micrograms/Cubic Meter ( ug/m<sup>3</sup> ),0,y,SLO-Roberto,35.259501999999998,-120.64472000000001,H,, 
3849,2022-01-10,23,3.00,PMBAM,Micrograms/Cubic Meter ( ug/m<sup>3</sup> ),0,y,SLO-Roberto,35.259501999999998,-120.64472000000001,H,, 
3849,2022-01-11,0,5.00,PMBAM,Micrograms/Cubic Meter ( ug/m<sup>3</sup> ),0,y,SLO-Roberto,35.259501999999998,-120.64472000000001,H,, 
3849,2022-01-11,1,5.00,PMBAM,Micrograms/Cubic Meter ( ug/m<sup>3</sup> ),0,y,SLO-Roberto,35.259501999999998,-120.64472000000001,H,, 
3849,2022-01-11,2,3.00,PMBAM,Micrograms/Cubic Meter ( ug/m<sup>3</sup> ),0,y,SLO-Roberto,35.259501999999998,-120.64472000000001,H,, 
3849,2022-01-11,3,2.00,PMBAM,Micrograms/Cubic Meter ( ug/m<sup>3</sup> ),0,y,SLO-Roberto,35.259501999999998,-120.64472000000001,H,, 
3849,2022-01-11,4,4.00,PMBAM,Micrograms/Cubic Meter ( ug/m<sup>3</sup> ),0,y,SLO-Roberto,35.259501999999998,-120.64472000000001,H,, 
3849,2022-01-11,5,5.00,PMBAM,Micrograms/Cubic Meter ( ug/m<sup>3</sup> ),0,y,SLO-Roberto,35.259501999999998,-120.64472000000001,H,, 
3849,2022-01-11,6,3.00,PMBAM,Micrograms/Cubic Meter ( ug/m<sup>3</sup> ),0,y,SLO-Roberto,35.259501999999998,-120.64472000000001,H,, 
3849,2022-01-11,7,6.00,PMBAM,Micrograms/Cubic Meter ( ug/m<sup>3</sup> ),0,y,SLO-Roberto,35.259501999999998,-120.64472000000001,H,, 
3849,2022-01-11,8,5.00,PMBAM,Micrograms/Cubic Meter ( ug/m<sup>3</sup> ),0,y,SLO-Roberto,35.259501999999998,-120.64472000000001,H,, 
3849,2022-01-11,9,3.00,PMBAM,Micrograms/Cubic Meter ( ug/m<sup>3</sup> ),0,y,SLO-Roberto,35.259501999999998,-120.64472000000001,H,, 
3849,2022-01-11,10,2.00,PMBAM,Micrograms/Cubic Meter ( ug/m<sup>3</sup> ),0,y,SLO-Roberto,35.259501999999998,-120.64472000000001,H,, 
3849,2022-01-11,11,1.00,PMBAM,Micrograms/Cubic Meter ( ug/m<sup>3</sup> ),0,y,SLO-Roberto,35.259501999999998,-120.64472000000001,H,, 
3849,2022-01-11,12,3.00,PMBAM,Micrograms/Cubic Meter ( ug/m<sup>3</sup> ),0,y,SLO-Roberto,35.259501999999998,-120.64472000000001,H,, 
3849,2022-01-11,13,5.00,PMBAM,Micrograms/Cubic Meter ( ug/m<sup>3</sup> ),0,y,SLO-Roberto,35.259501999999998,-120.64472000000001,H,, 
3849,2022-01-11,14,5.00,PMBAM,Micrograms/Cubic Meter ( ug/m<sup>3</sup> ),0,y,SLO-Roberto,35.259501999999998,-120.64472000000001,H,, 
3849,2022-01-11,15,3.00,PMBAM,Micrograms/Cubic Meter ( ug/m<sup>3</sup> ),0,y,SLO-Roberto,35.259501999999998,-120.64472000000001,H,, 
3849,2022-01-11,16,1.00,PMBAM,Micrograms/Cubic Meter ( ug/m<sup>3</sup> ),0,y,SLO-Roberto,35.259501999999998,-120.64472000000001,H,, 
3849,2022-01-11,17,1.00,PMBAM,Micrograms/Cubic Meter ( ug/m<sup>3</sup> ),0,y,SLO-Roberto,35.259501999999998,-120.64472000000001,H,, 
3849,2022-01-11,18,3.00,PMBAM,Micrograms/Cubic Meter ( ug/m<sup>3</sup> ),0,y,SLO-Roberto,35.259501999999998,-120.64472000000001,H,, 
3849,2022-01-11,19,8.00,PMBAM,Micrograms/Cubic Meter ( ug/m<sup>3</sup> ),0,y,SLO-Roberto,35.259501999999998,-120.64472000000001,H,, 
3849,2022-01-11,20,5.00,PMBAM,Micrograms/Cubic Meter ( ug/m<sup>3</sup> ),0,y,SLO-Roberto,35.259501999999998,-120.64472000000001,H,, 
3849,2022-01-11,21,5.00,PMBAM,Micrograms/Cubic Meter ( ug/m<sup>3</sup> ),0,y,SLO-Roberto,35.259501999999998,-120.64472000000001,H,, 
3849,2022-01-11,22,6.00,PMBAM,Micrograms/Cubic Meter ( ug/m<sup>3</sup> ),0,y,SLO-Roberto,35.259501999999998,-120.64472000000001,H,, 
3849,2022-01-11,23,5.00,PMBAM,Micrograms/Cubic Meter ( ug/m<sup>3</sup> ),0,y,SLO-Roberto,35.259501999999998,-120.64472000000001,H,, 
3849,2022-01-12,0,3.00,PMBAM,Micrograms/Cubic Meter ( ug/m<sup>3</sup> ),0,y,SLO-Roberto,35.259501999999998,-120.64472000000001,H,, 
3849,2022-01-12,1,1.00,PMBAM,Micrograms/Cubic Meter ( ug/m<sup>3</sup> ),0,y,SLO-Roberto,35.259501999999998,-120.64472000000001,H,, 
3849,2022-01-12,2,2.00,PMBAM,Micrograms/Cubic Meter ( ug/m<sup>3</sup> ),0,y,SLO-Roberto,35.259501999999998,-120.64472000000001,H,, 
3849,2022-01-12,3,2.00,PMBAM,Micrograms/Cubic Meter ( ug/m<sup>3</sup> ),0,y,SLO-Roberto,35.259501999999998,-120.64472000000001,H,, 
3849,2022-01-12,4,4.00,PMBAM,Micrograms/Cubic Meter ( ug/m<sup>3</sup> ),0,y,SLO-Roberto,35.259501999999998,-120.64472000000001,H,, 
3849,2022-01-12,5,4.00,PMBAM,Micrograms/Cubic Meter ( ug/m<sup>3</sup> ),0,y,SLO-Roberto,35.259501999999998,-120.64472000000001,H,, 
3849,2022-01-12,6,5.00,PMBAM,Micrograms/Cubic Meter ( ug/m<sup>3</sup> ),0,y,SLO-Roberto,35.259501999999998,-120.64472000000001,H,, 
3849,2022-01-12,7,5.00,PMBAM,Micrograms/Cubic Meter ( ug/m<sup>3</sup> ),0,y,SLO-Roberto,35.259501999999998,-120.64472000000001,H,, 
3849,2022-01-12,8,3.00,PMBAM,Micrograms/Cubic Meter ( ug/m<sup>3</sup> ),0,y,SLO-Roberto,35.259501999999998,-120.64472000000001,H,, 
3849,2022-01-12,9,3.00,PMBAM,Micrograms/Cubic Meter ( ug/m<sup>3</sup> ),0,y,SLO-Roberto,35.259501999999998,-120.64472000000001,H,, 
3849,2022-01-12,10,1.00,PMBAM,Micrograms/Cubic Meter ( ug/m<sup>3</sup> ),0,y,SLO-Roberto,35.259501999999998,-120.64472000000001,H,, 
3849,2022-01-12,11,2.00,PMBAM,Micrograms/Cubic Meter ( ug/m<sup>3</sup> ),0,y,SLO-Roberto,35.259501999999998,-120.64472000000001,H,, 
3849,2022-01-12,12,1.00,PMBAM,Micrograms/Cubic Meter ( ug/m<sup>3</sup> ),0,y,SLO-Roberto,35.259501999999998,-120.64472000000001,H,, 
3849,2022-01-12,13,-1.00,PMBAM,Micrograms/Cubic Meter ( ug/m<sup>3</sup> ),0,y,SLO-Roberto,35.259501999999998,-120.64472000000001,H,, 
3849,2022-01-12,14,3.00,PMBAM,Micrograms/Cubic Meter ( ug/m<sup>3</sup> ),0,y,SLO-Roberto,35.259501999999998,-120.64472000000001,H,, 
3849,2022-01-12,15,3.00,PMBAM,Micrograms/Cubic Meter ( ug/m<sup>3</sup> ),0,y,SLO-Roberto,35.259501999999998,-120.64472000000001,H,, 
3849,2022-01-12,16,5.00,PMBAM,Micrograms/Cubic Meter ( ug/m<sup>3</sup> ),0,y,SLO-Roberto,35.259501999999998,-120.64472000000001,H,, 
3849,2022-01-12,17,5.00,PMBAM,Micrograms/Cubic Meter ( ug/m<sup>3</sup> ),0,y,SLO-Roberto,35.259501999999998,-120.64472000000001,H,, 
3849,2022-01-12,18,3.00,PMBAM,Micrograms/Cubic Meter ( ug/m<sup>3</sup> ),0,y,SLO-Roberto,35.259501999999998,-120.64472000000001,H,, 
3849,2022-01-12,19,4.00,PMBAM,Micrograms/Cubic Meter ( ug/m<sup>3</sup> ),0,y,SLO-Roberto,35.259501999999998,-120.64472000000001,H,, 
3849,2022-01-12,20,4.00,PMBAM,Micrograms/Cubic Meter ( ug/m<sup>3</sup> ),0,y,SLO-Roberto,35.259501999999998,-120.64472000000001,H,, 
3849,2022-01-12,21,1.00,PMBAM,Micrograms/Cubic Meter ( ug/m<sup>3</sup> ),0,y,SLO-Roberto,35.259501999999998,-120.64472000000001,H,, 
3849,2022-01-12,22,8.00,PMBAM,Micrograms/Cubic Meter ( ug/m<sup>3</sup> ),0,y,SLO-Roberto,35.259501999999998,-120.64472000000001,H,, 
3849,2022-01-12,23,8.00,PMBAM,Micrograms/Cubic Meter ( ug/m<sup>3</sup> ),0,y,SLO-Roberto,35.259501999999998,-120.64472000000001,H,, 
3849,2022-01-13,0,6.00,PMBAM,Micrograms/Cubic Meter ( ug/m<sup>3</sup> ),0,y,SLO-Roberto,35.259501999999998,-120.64472000000001,H,, 
3849,2022-01-13,1,4.00,PMBAM,Micrograms/Cubic Meter ( ug/m<sup>3</sup> ),0,y,SLO-Roberto,35.259501999999998,-120.64472000000001,H,, 
3849,2022-01-13,2,4.00,PMBAM,Micrograms/Cubic Meter ( ug/m<sup>3</sup> ),0,y,SLO-Roberto,35.259501999999998,-120.64472000000001,H,, 
3849,2022-01-13,3,5.00,PMBAM,Micrograms/Cubic Meter ( ug/m<sup>3</sup> ),0,y,SLO-Roberto,35.259501999999998,-120.64472000000001,H,, 
3849,2022-01-13,4,7.00,PMBAM,Micrograms/Cubic Meter ( ug/m<sup>3</sup> ),0,y,SLO-Roberto,35.259501999999998,-120.64472000000001,H,, 
3849,2022-01-13,5,8.00,PMBAM,Micrograms/Cubic Meter ( ug/m<sup>3</sup> ),0,y,SLO-Roberto,35.259501999999998,-120.64472000000001,H,, 
3849,2022-01-13,6,6.00,PMBAM,Micrograms/Cubic Meter ( ug/m<sup>3</sup> ),0,y,SLO-Roberto,35.259501999999998,-120.64472000000001,H,, 
3849,2022-01-13,7,5.00,PMBAM,Micrograms/Cubic Meter ( ug/m<sup>3</sup> ),0,y,SLO-Roberto,35.259501999999998,-120.64472000000001,H,, 
3849,2022-01-13,8,3.00,PMBAM,Micrograms/Cubic Meter ( ug/m<sup>3</sup> ),0,y,SLO-Roberto,35.259501999999998,-120.64472000000001,H,, 
3849,2022-01-13,9,4.00,PMBAM,Micrograms/Cubic Meter ( ug/m<sup>3</sup> ),0,y,SLO-Roberto,35.259501999999998,-120.64472000000001,H,, 
3849,2022-01-13,10,4.00,PMBAM,Micrograms/Cubic Meter ( ug/m<sup>3</sup> ),0,y,SLO-Roberto,35.259501999999998,-120.64472000000001,H,, 
3849,2022-01-13,11,3.00,PMBAM,Micrograms/Cubic Meter ( ug/m<sup>3</sup> ),0,y,SLO-Roberto,35.259501999999998,-120.64472000000001,H,, 
3849,2022-01-13,12,3.00,PMBAM,Micrograms/Cubic Meter ( ug/m<sup>3</sup> ),0,y,SLO-Roberto,35.259501999999998,-120.64472000000001,H,, 
3849,2022-01-13,13,2.00,PMBAM,Micrograms/Cubic Meter ( ug/m<sup>3</sup> ),0,y,SLO-Roberto,35.259501999999998,-120.64472000000001,H,, 
3849,2022-01-13,14,2.00,PMBAM,Micrograms/Cubic Meter ( ug/m<sup>3</sup> ),0,y,SLO-Roberto,35.259501999999998,-120.64472000000001,H,, 
3849,2022-01-13,15,3.00,PMBAM,Micrograms/Cubic Meter ( ug/m<sup>3</sup> ),0,y,SLO-Roberto,35.259501999999998,-120.64472000000001,H,, 
3849,2022-01-13,16,4.00,PMBAM,Micrograms/Cubic Meter ( ug/m<sup>3</sup> ),0,y,SLO-Roberto,35.259501999999998,-120.64472000000001,H,, 
3849,2022-01-13,17,3.00,PMBAM,Micrograms/Cubic Meter ( ug/m<sup>3</sup> ),0,y,SLO-Roberto,35.259501999999998,-120.64472000000001,H,, 
3849,2022-01-13,18,4.00,PMBAM,Micrograms/Cubic Meter ( ug/m<sup>3</sup> ),0,y,SLO-Roberto,35.259501999999998,-120.64472000000001,H,, 
3849,2022-01-13,19,4.00,PMBAM,Micrograms/Cubic Meter ( ug/m<sup>3</sup> ),0,y,SLO-Roberto,35.259501999999998,-120.64472000000001,H,, 
3849,2022-01-13,20,6.00,PMBAM,Micrograms/Cubic Meter ( ug/m<sup>3</sup> ),0,y,SLO-Roberto,35.259501999999998,-120.64472000000001,H,, 
3849,2022-01-13,21,5.00,PMBAM,Micrograms/Cubic Meter ( ug/m<sup>3</sup> ),0,y,SLO-Roberto,35.259501999999998,-120.64472000000001,H,, 
3849,2022-01-13,22,4.00,PMBAM,Micrograms/Cubic Meter ( ug/m<sup>3</sup> ),0,y,SLO-Roberto,35.259501999999998,-120.64472000000001,H,, 
3849,2022-01-13,23,5.00,PMBAM,Micrograms/Cubic Meter ( ug/m<sup>3</sup> ),0,y,SLO-Roberto,35.259501999999998,-120.64472000000001,H,, 
3849,2022-01-14,0,6.00,PMBAM,Micrograms/Cubic Meter ( ug/m<sup>3</sup> ),0,y,SLO-Roberto,35.259501999999998,-120.64472000000001,H,, 
3849,2022-01-14,1,4.00,PMBAM,Micrograms/Cubic Meter ( ug/m<sup>3</sup> ),0,y,SLO-Roberto,35.259501999999998,-120.64472000000001,H,, 
3849,2022-01-14,2,1.00,PMBAM,Micrograms/Cubic Meter ( ug/m<sup>3</sup> ),0,y,SLO-Roberto,35.259501999999998,-120.64472000000001,H,, 
3849,2022-01-14,3,3.00,PMBAM,Micrograms/Cubic Meter ( ug/m<sup>3</sup> ),0,y,SLO-Roberto,35.259501999999998,-120.64472000000001,H,, 
3849,2022-01-14,4,7.00,PMBAM,Micrograms/Cubic Meter ( ug/m<sup>3</sup> ),0,y,SLO-Roberto,35.259501999999998,-120.64472000000001,H,, 
3849,2022-01-14,5,6.00,PMBAM,Micrograms/Cubic Meter ( ug/m<sup>3</sup> ),0,y,SLO-Roberto,35.259501999999998,-120.64472000000001,H,, 
3849,2022-01-14,6,4.00,PMBAM,Micrograms/Cubic Meter ( ug/m<sup>3</sup> ),0,y,SLO-Roberto,35.259501999999998,-120.64472000000001,H,, 
3849,2022-01-14,7,4.00,PMBAM,Micrograms/Cubic Meter ( ug/m<sup>3</sup> ),0,y,SLO-Roberto,35.259501999999998,-120.64472000000001,H,, 
3849,2022-01-14,8,2.00,PMBAM,Micrograms/Cubic Meter ( ug/m<sup>3</sup> ),0,y,SLO-Roberto,35.259501999999998,-120.64472000000001,H,, 
3849,2022-01-14,10,17.00,PMBAM,Micrograms/Cubic Meter ( ug/m<sup>3</sup> ),0,y,SLO-Roberto,35.259501999999998,-120.64472000000001,H,, 
3849,2022-01-14,11,15.00,PMBAM,Micrograms/Cubic Meter ( ug/m<sup>3</sup> ),0,y,SLO-Roberto,35.259501999999998,-120.64472000000001,H,, 
3849,2022-01-14,12,17.00,PMBAM,Micrograms/Cubic Meter ( ug/m<sup>3</sup> ),0,y,SLO-Roberto,35.259501999999998,-120.64472000000001,H,, 
3849,2022-01-14,13,21.00,PMBAM,Micrograms/Cubic Meter ( ug/m<sup>3</sup> ),0,y,SLO-Roberto,35.259501999999998,-120.64472000000001,H,, 
3849,2022-01-14,14,17.00,PMBAM,Micrograms/Cubic Meter ( ug/m<sup>3</sup> ),0,y,SLO-Roberto,35.259501999999998,-120.64472000000001,H,, 
3849,2022-01-14,15,19.00,PMBAM,Micrograms/Cubic Meter ( ug/m<sup>3</sup> ),0,y,SLO-Roberto,35.259501999999998,-120.64472000000001,H,, 
3849,2022-01-14,16,21.00,PMBAM,Micrograms/Cubic Meter ( ug/m<sup>3</sup> ),0,y,SLO-Roberto,35.259501999999998,-120.64472000000001,H,, 
3849,2022-01-14,17,31.00,PMBAM,Micrograms/Cubic Meter ( ug/m<sup>3</sup> ),0,y,SLO-Roberto,35.259501999999998,-120.64472000000001,H,, 
3849,2022-01-14,18,35.00,PMBAM,Micrograms/Cubic Meter ( ug/m<sup>3</sup> ),0,y,SLO-Roberto,35.259501999999998,-120.64472000000001,H,, 
3849,2022-01-14,19,28.00,PMBAM,Micrograms/Cubic Meter ( ug/m<sup>3</sup> ),0,y,SLO-Roberto,35.259501999999998,-120.64472000000001,H,, 
3849,2022-01-14,20,29.00,PMBAM,Micrograms/Cubic Meter ( ug/m<sup>3</sup> ),0,y,SLO-Roberto,35.259501999999998,-120.64472000000001,H,, 
3849,2022-01-14,21,25.00,PMBAM,Micrograms/Cubic Meter ( ug/m<sup>3</sup> ),0,y,SLO-Roberto,35.259501999999998,-120.64472000000001,H,, 
3849,2022-01-14,22,20.00,PMBAM,Micrograms/Cubic Meter ( ug/m<sup>3</sup> ),0,y,SLO-Roberto,35.259501999999998,-120.64472000000001,H,, 
3849,2022-01-14,23,19.00,PMBAM,Micrograms/Cubic Meter ( ug/m<sup>3</sup> ),0,y,SLO-Roberto,35.259501999999998,-120.64472000000001,H,, 
3849,2022-01-15,0,18.00,PMBAM,Micrograms/Cubic Meter ( ug/m<sup>3</sup> ),0,y,SLO-Roberto,35.259501999999998,-120.64472000000001,H,, 
3849,2022-01-15,1,10.00,PMBAM,Micrograms/Cubic Meter ( ug/m<sup>3</sup> ),0,y,SLO-Roberto,35.259501999999998,-120.64472000000001,H,, 
3849,2022-01-15,2,21.00,PMBAM,Micrograms/Cubic Meter ( ug/m<sup>3</sup> ),0,y,SLO-Roberto,35.259501999999998,-120.64472000000001,H,, 
3849,2022-01-15,3,20.00,PMBAM,Micrograms/Cubic Meter ( ug/m<sup>3</sup> ),0,y,SLO-Roberto,35.259501999999998,-120.64472000000001,H,, 
3849,2022-01-15,4,14.00,PMBAM,Micrograms/Cubic Meter ( ug/m<sup>3</sup> ),0,y,SLO-Roberto,35.259501999999998,-120.64472000000001,H,, 
3849,2022-01-15,5,14.00,PMBAM,Micrograms/Cubic Meter ( ug/m<sup>3</sup> ),0,y,SLO-Roberto,35.259501999999998,-120.64472000000001,H,, 
3849,2022-01-15,6,17.00,PMBAM,Micrograms/Cubic Meter ( ug/m<sup>3</sup> ),0,y,SLO-Roberto,35.259501999999998,-120.64472000000001,H,, 
3849,2022-01-15,7,16.00,PMBAM,Micrograms/Cubic Meter ( ug/m<sup>3</sup> ),0,y,SLO-Roberto,35.259501999999998,-120.64472000000001,H,, 
3849,2022-01-15,8,23.00,PMBAM,Micrograms/Cubic Meter ( ug/m<sup>3</sup> ),0,y,SLO-Roberto,35.259501999999998,-120.64472000000001,H,, 
3849,2022-01-15,9,30.00,PMBAM,Micrograms/Cubic Meter ( ug/m<sup>3</sup> ),0,y,SLO-Roberto,35.259501999999998,-120.64472000000001,H,, 
3849,2022-01-15,10,21.00,PMBAM,Micrograms/Cubic Meter ( ug/m<sup>3</sup> ),0,y,SLO-Roberto,35.259501999999998,-120.64472000000001,H,, 
3849,2022-01-15,11,22.00,PMBAM,Micrograms/Cubic Meter ( ug/m<sup>3</sup> ),0,y,SLO-Roberto,35.259501999999998,-120.64472000000001,H,, 
3849,2022-01-15,12,19.00,PMBAM,Micrograms/Cubic Meter ( ug/m<sup>3</sup> ),0,y,SLO-Roberto,35.259501999999998,-120.64472000000001,H,, 
3849,2022-01-15,13,17.00,PMBAM,Micrograms/Cubic Meter ( ug/m<sup>3</sup> ),0,y,SLO-Roberto,35.259501999999998,-120.64472000000001,H,, 
3849,2022-01-15,14,16.00,PMBAM,Micrograms/Cubic Meter ( ug/m<sup>3</sup> ),0,y,SLO-Roberto,35.259501999999998,-120.64472000000001,H,, 
3849,2022-01-15,15,16.00,PMBAM,Micrograms/Cubic Meter ( ug/m<sup>3</sup> ),0,y,SLO-Roberto,35.259501999999998,-120.64472000000001,H,, 
3849,2022-01-15,16,14.00,PMBAM,Micrograms/Cubic Meter ( ug/m<sup>3</sup> ),0,y,SLO-Roberto,35.259501999999998,-120.64472000000001,H,, 
3849,2022-01-15,17,16.00,PMBAM,Micrograms/Cubic Meter ( ug/m<sup>3</sup> ),0,y,SLO-Roberto,35.259501999999998,-120.64472000000001,H,, 
3849,2022-01-15,18,16.00,PMBAM,Micrograms/Cubic Meter ( ug/m<sup>3</sup> ),0,y,SLO-Roberto,35.259501999999998,-120.64472000000001,H,, 
3849,2022-01-15,19,16.00,PMBAM,Micrograms/Cubic Meter ( ug/m<sup>3</sup> ),0,y,SLO-Roberto,35.259501999999998,-120.64472000000001,H,, 
3849,2022-01-15,20,16.00,PMBAM,Micrograms/Cubic Meter ( ug/m<sup>3</sup> ),0,y,SLO-Roberto,35.259501999999998,-120.64472000000001,H,, 
3849,2022-01-15,21,24.00,PMBAM,Micrograms/Cubic Meter ( ug/m<sup>3</sup> ),0,y,SLO-Roberto,35.259501999999998,-120.64472000000001,H,, 
3849,2022-01-15,22,17.00,PMBAM,Micrograms/Cubic Meter ( ug/m<sup>3</sup> ),0,y,SLO-Roberto,35.259501999999998,-120.64472000000001,H,, 
3849,2022-01-15,23,21.00,PMBAM,Micrograms/Cubic Meter ( ug/m<sup>3</sup> ),0,y,SLO-Roberto,35.259501999999998,-120.64472000000001,H,, 
3849,2022-01-16,0,13.00,PMBAM,Micrograms/Cubic Meter ( ug/m<sup>3</sup> ),0,y,SLO-Roberto,35.259501999999998,-120.64472000000001,H,, 
3849,2022-01-16,1,12.00,PMBAM,Micrograms/Cubic Meter ( ug/m<sup>3</sup> ),0,y,SLO-Roberto,35.259501999999998,-120.64472000000001,H,, 
3849,2022-01-16,2,13.00,PMBAM,Micrograms/Cubic Meter ( ug/m<sup>3</sup> ),0,y,SLO-Roberto,35.259501999999998,-120.64472000000001,H,, 
3849,2022-01-16,3,14.00,PMBAM,Micrograms/Cubic Meter ( ug/m<sup>3</sup> ),0,y,SLO-Roberto,35.259501999999998,-120.64472000000001,H,, 
3849,2022-01-16,4,14.00,PMBAM,Micrograms/Cubic Meter ( ug/m<sup>3</sup> ),0,y,SLO-Roberto,35.259501999999998,-120.64472000000001,H,, 
3849,2022-01-16,5,11.00,PMBAM,Micrograms/Cubic Meter ( ug/m<sup>3</sup> ),0,y,SLO-Roberto,35.259501999999998,-120.64472000000001,H,, 
3849,2022-01-16,6,8.00,PMBAM,Micrograms/Cubic Meter ( ug/m<sup>3</sup> ),0,y,SLO-Roberto,35.259501999999998,-120.64472000000001,H,, 
3849,2022-01-16,7,11.00,PMBAM,Micrograms/Cubic Meter ( ug/m<sup>3</sup> ),0,y,SLO-Roberto,35.259501999999998,-120.64472000000001,H,, 
3849,2022-01-16,8,10.00,PMBAM,Micrograms/Cubic Meter ( ug/m<sup>3</sup> ),0,y,SLO-Roberto,35.259501999999998,-120.64472000000001,H,, 
3849,2022-01-16,9,14.00,PMBAM,Micrograms/Cubic Meter ( ug/m<sup>3</sup> ),0,y,SLO-Roberto,35.259501999999998,-120.64472000000001,H,, 
3849,2022-01-16,10,8.00,PMBAM,Micrograms/Cubic Meter ( ug/m<sup>3</sup> ),0,y,SLO-Roberto,35.259501999999998,-120.64472000000001,H,, 
3849,2022-01-16,11,5.00,PMBAM,Micrograms/Cubic Meter ( ug/m<sup>3</sup> ),0,y,SLO-Roberto,35.259501999999998,-120.64472000000001,H,, 
3849,2022-01-16,12,5.00,PMBAM,Micrograms/Cubic Meter ( ug/m<sup>3</sup> ),0,y,SLO-Roberto,35.259501999999998,-120.64472000000001,H,, 
3849,2022-01-16,13,13.00,PMBAM,Micrograms/Cubic Meter ( ug/m<sup>3</sup> ),0,y,SLO-Roberto,35.259501999999998,-120.64472000000001,H,, 
3849,2022-01-16,14,15.00,PMBAM,Micrograms/Cubic Meter ( ug/m<sup>3</sup> ),0,y,SLO-Roberto,35.259501999999998,-120.64472000000001,H,, 
3849,2022-01-16,15,16.00,PMBAM,Micrograms/Cubic Meter ( ug/m<sup>3</sup> ),0,y,SLO-Roberto,35.259501999999998,-120.64472000000001,H,, 
3849,2022-01-16,16,21.00,PMBAM,Micrograms/Cubic Meter ( ug/m<sup>3</sup> ),0,y,SLO-Roberto,35.259501999999998,-120.64472000000001,H,, 
3849,2022-01-16,17,17.00,PMBAM,Micrograms/Cubic Meter ( ug/m<sup>3</sup> ),0,y,SLO-Roberto,35.259501999999998,-120.64472000000001,H,, 
3849,2022-01-16,18,27.00,PMBAM,Micrograms/Cubic Meter ( ug/m<sup>3</sup> ),0,y,SLO-Roberto,35.259501999999998,-120.64472000000001,H,, 
3849,2022-01-16,19,22.00,PMBAM,Micrograms/Cubic Meter ( ug/m<sup>3</sup> ),0,y,SLO-Roberto,35.259501999999998,-120.64472000000001,H,, 
3849,2022-01-16,20,26.00,PMBAM,Micrograms/Cubic Meter ( ug/m<sup>3</sup> ),0,y,SLO-Roberto,35.259501999999998,-120.64472000000001,H,, 
3849,2022-01-16,21,20.00,PMBAM,Micrograms/Cubic Meter ( ug/m<sup>3</sup> ),0,y,SLO-Roberto,35.259501999999998,-120.64472000000001,H,, 
3849,2022-01-16,22,22.00,PMBAM,Micrograms/Cubic Meter ( ug/m<sup>3</sup> ),0,y,SLO-Roberto,35.259501999999998,-120.64472000000001,H,, 
3849,2022-01-16,23,20.00,PMBAM,Micrograms/Cubic Meter ( ug/m<sup>3</sup> ),0,y,SLO-Roberto,35.259501999999998,-120.64472000000001,H,,
 
 Quality Flag Definition 
0, Valid observation 
1, The data supplier marked the observation as suspect - but it is still valid 
2, The automated qa routine judged the observation questionable and invalid 
3, The automated qa routine judged the observation invalid  
4, The data supplier flagged the observation invalid  
5, The observation was flagged invalid manually  

Data extracted from mrgd database: 
June 15, 2022 at 20:02:19
  
